channel_id,category,subscribers,recent_sub_growth_pct,video_count,avg_video_views,engagement_rate,upload_frequency,avg_video_length_min,years_active,annual_earnings_usd
1,Education,67858,0.2748,4176,8453,0.0976,2-3x/week,19.6,3.6,51776557.96
2,Vlog & Lifestyle,485414,0.4027,1358,7581,0.0264,Weekly,30.1,10.3,68344286.67
3,Finance,4956565,0.2051,4410,667093,0.0148,Bi-weekly,9.3,4.5,40791915.42
4,Gaming,904638,0.2771,826,134677,0.0552,Monthly,42.2,11.7,50481730.92
5,Entertainment,3172585,0.2878,830,162339,0.0807,Weekly,19.1,11.8,57140296.17
6,Entertainment,2221274,0.2703,202,87617,0.0553,Monthly,33.6,3.6,48357601.97
7,Entertainment,7387378,0.3192,1786,865437,0.0368,Weekly,3.9,1.0,59634972.03
8,Tech,4935565,0.1145,3655,224191,0.0692,2-3x/week,11.6,8.6,25286404.05
9,Beauty & Fashion,322307,0.2354,4634,42279,0.0449,Bi-weekly,23.5,5.7,44510203.56
10,Finance,2279108,0.0559,260,55605,0.1123,Weekly,39.9,1.7,15105730.14
11,Entertainment,46733,0.1792,1798,1291,0.1111,Weekly,25.1,8.6,36121412.14
12,Vlog & Lifestyle,657218,0.2246,3710,96664,0.0628,Weekly,42.1,0.9,41552185.39
13,Tech,3182802,0.297,2473,332085,0.0427,Bi-weekly,23.3,10.5,50322859.77
14,Entertainment,928128,0.4282,1177,119324,0.0898,Bi-weekly,23.6,2.1,78458690.22
15,Entertainment,1629773,0.2743,3903,90299,0.0092,Weekly,8.0,2.0,46819733.78
16,Entertainment,496882,0.3372,1106,52027,0.0596,2-3x/week,36.7,2.5,62520872.85
17,Education,5566766,0.2328,2689,518788,0.0437,Weekly,13.4,11.5,43884099.12
18,Gaming,631120,0.289,1857,59603,0.1109,Weekly,40.8,8.5,58948776.17
19,Gaming,315586,0.0412,3914,33311,0.0064,2-3x/week,41.3,9.7,7657069.46
20,Education,3597433,0.1219,514,325748,0.0686,Bi-weekly,42.6,5.1,24340679.52
21,Beauty & Fashion,58145,0.1692,1631,4074,0.0902,Weekly,24.8,4.4,34219775.95
22,Entertainment,1797414,0.2179,2482,87406,0.0608,2-3x/week,31.4,3.2,42641285.64
23,Education,111695,0.0301,2556,13135,0.0148,2-3x/week,35.7,6.0,1981690.91
24,Education,7277284,0.0716,1397,303303,0.1168,2-3x/week,8.5,6.8,18212097.49
25,Gaming,455955,0.1318,3004,48755,0.0646,Monthly,28.2,7.8,24765732.14
26,Finance,930030,0.4375,3826,39681,0.0756,2-3x/week,4.4,3.5,80186541.74
27,Entertainment,1532830,0.1558,727,149521,0.0322,2-3x/week,23.9,11.4,30074808.45
28,Gaming,22619,0.2221,3494,2591,0.0606,Weekly,9.5,2.5,41673640.94
29,Gaming,226148,0.0963,4444,9186,0.0544,2-3x/week,10.7,11.6,13946440.78
30,Entertainment,4772508,0.2787,668,87776,0.0136,Daily,18.3,0.7,45032966.87
31,Beauty & Fashion,3478031,0.1335,4018,98554,0.0172,2-3x/week,21.2,6.0,23609407.89
32,Entertainment,1214032,0.1011,4534,115138,0.1013,Weekly,29.2,4.3,22224409.84
33,Entertainment,64277,0.2373,4244,8286,0.0326,Weekly,6.1,5.7,42472750.34
34,Vlog & Lifestyle,2092575,0.0124,3774,34108,0.0274,2-3x/week,24.2,7.1,2761494.06
35,Vlog & Lifestyle,2634276,0.0134,2999,297096,0.0631,Weekly,10.7,5.5,10148412.58
36,Tech,793835,0.1064,4647,45871,0.0934,Monthly,27.1,5.3,18421012.73
37,Education,6594244,0.0262,2114,507717,0.0121,2-3x/week,29.8,8.9,7243506.13
38,Entertainment,213165,0.0575,1265,29851,0.0713,2-3x/week,26.4,8.4,15860903.01
39,Beauty & Fashion,291342,0.1591,2492,16453,0.0187,2-3x/week,34.0,10.1,29921038.34
40,Gaming,8330,0.3631,393,625,0.0092,Weekly,17.1,3.4,64415614.08
41,Entertainment,3819727,0.2617,2617,45514,0.0111,Bi-weekly,35.1,7.5,47744028.23
42,Gaming,1283307,0.2356,203,27493,0.1009,2-3x/week,21.2,7.2,44771472.32
43,Entertainment,35338,0.1391,3817,1632,0.0186,Weekly,23.3,4.8,22341380.17
44,Vlog & Lifestyle,30776,0.42,3729,427,0.0102,Daily,30.2,6.1,67769003.86
45,Education,151640,0.1847,2591,14920,0.0554,Weekly,3.8,4.1,33956300.15
46,Beauty & Fashion,3043699,0.0483,2575,212132,0.1021,Bi-weekly,30.5,2.1,12894865.11
47,Education,424790,0.2815,2773,36846,0.0352,2-3x/week,29.0,3.0,52893535.65
48,Gaming,171336,0.0601,2808,5902,0.0535,Weekly,16.0,1.7,12691154.94
49,Gaming,119251,0.1619,2349,6133,0.0096,2-3x/week,6.6,8.4,25902614.62
50,Entertainment,110013,0.2333,3416,11324,0.0566,Weekly,6.8,8.1,40442996.52
51,Vlog & Lifestyle,22457,0.3947,741,3259,0.0714,Daily,41.8,11.4,76111432.91
52,Finance,83007,0.2272,2882,1415,0.0707,Bi-weekly,31.9,8.9,42839748.96
53,Vlog & Lifestyle,106187,0.319,3130,14298,0.0432,2-3x/week,8.3,1.1,55269594.82
54,Tech,2492313,0.4468,4790,226210,0.0413,Bi-weekly,18.0,10.7,79646178.51
55,Gaming,541283,0.0679,4187,48146,0.0173,2-3x/week,27.9,10.4,17051362.52
56,Vlog & Lifestyle,165040,0.1309,2614,13209,0.0472,Weekly,38.1,5.6,24223251.82
57,Entertainment,46618171,0.1836,2392,919085,0.0164,2-3x/week,4.8,7.2,37589219.96
58,Entertainment,220794,0.1956,541,4986,0.0932,Monthly,12.9,11.7,41486898.25
59,Entertainment,5961217,0.1908,4326,561115,0.1161,2-3x/week,40.4,6.6,36417769.23
60,Education,13497234,0.4093,644,779252,0.1166,2-3x/week,3.4,10.9,77424534.43
61,Education,43220,0.3242,1779,5982,0.1045,Weekly,11.5,1.5,63833476.42
62,Education,833286,0.2775,3814,55765,0.0741,Daily,43.3,2.7,50240879.51
63,Tech,287345,0.1461,2380,8637,0.0856,2-3x/week,28.8,5.6,30839282.42
64,Education,248186,0.3725,12,27315,0.0378,Monthly,14.0,7.2,64197934.96
65,Education,1982121,0.4302,215,101225,0.0775,Monthly,5.8,9.9,77269727.35
66,Gaming,237716,0.3713,4145,19864,0.0574,2-3x/week,4.2,11.9,65528428.51
67,Entertainment,298718,0.0107,2631,32170,0.0604,Monthly,13.3,5.0,6808139.05
68,Tech,538958,0.29,4749,73318,0.0921,Weekly,40.0,1.0,55488709.07
69,Entertainment,372458,0.0325,2900,45032,0.0374,2-3x/week,20.5,9.7,8030661.82
70,Vlog & Lifestyle,88218,0.1233,3203,9235,0.0416,Weekly,33.3,7.5,29198666.33
71,Finance,3056043,0.0362,2676,321338,0.1113,Weekly,41.6,2.8,17339167.64
72,Entertainment,4815525,0.2757,3316,685872,0.0115,Monthly,20.1,6.2,45014533.67
73,Entertainment,1353918,0.3121,907,69612,0.0608,2-3x/week,11.0,9.0,56032591.64
74,Tech,370350,0.0604,1095,3761,0.11,Weekly,24.7,9.4,22153498.95
75,Finance,204970,0.1789,1289,9853,0.0752,Daily,41.1,6.2,33600016.0
76,Finance,205558,0.2107,680,8326,0.0678,2-3x/week,36.8,4.0,44683441.49
77,Finance,50000000,0.1724,1515,5132842,0.0337,Daily,5.8,11.7,43845164.36
78,Entertainment,3945589,0.0633,3585,389507,0.0445,Monthly,32.1,8.1,13851251.46
79,Education,160781,0.1943,4824,14966,0.103,Bi-weekly,27.0,5.2,41107685.71
80,Entertainment,981125,0.3405,1965,12042,0.0693,Bi-weekly,41.1,3.7,62035196.26
81,Tech,379814,0.0412,259,42550,0.0642,Weekly,8.1,8.9,11943167.65
82,Beauty & Fashion,2086170,0.0453,1902,115353,0.0165,2-3x/week,25.4,3.3,12612900.7
83,Education,1940193,0.1661,3449,200049,0.0068,2-3x/week,39.9,2.5,31045363.55
84,Entertainment,5129390,0.4244,1863,450980,0.1158,2-3x/week,20.2,6.6,80704892.76
85,Education,157786,0.3042,2864,9148,0.0484,2-3x/week,23.2,3.8,58622919.07
86,Education,880745,0.3086,1513,25401,0.0744,Bi-weekly,6.0,7.7,59102340.26
87,Finance,31338,0.1692,3395,727,0.0142,Weekly,14.7,1.9,28074778.09
88,Beauty & Fashion,75870,0.2712,3581,9590,0.0836,Daily,16.6,8.0,55683253.84
89,Tech,3581819,0.0145,3802,496352,0.1122,Daily,42.7,3.8,11594470.22
90,Gaming,131764,0.2899,3436,13304,0.0712,2-3x/week,14.9,0.5,53182607.12
91,Entertainment,160550,0.4118,53,3930,0.0195,Weekly,22.4,2.0,66940882.25
92,Finance,718628,0.2795,3622,47633,0.0719,Monthly,31.2,11.2,48888462.1
93,Finance,2547364,0.3944,2628,285435,0.0931,Weekly,9.8,10.5,77368630.19
94,Gaming,108067,0.3285,4688,12878,0.0517,Bi-weekly,23.4,3.2,63124227.65
95,Finance,1386,0.063,3173,36,0.1062,Weekly,34.0,9.5,17022145.64
96,Gaming,152298,0.4071,1298,1523,0.0796,2-3x/week,39.4,7.5,70128638.27
97,Gaming,6389269,0.0392,2952,700897,0.1084,2-3x/week,29.3,11.7,12221093.49
98,Gaming,1352740,0.2449,229,81060,0.0767,Bi-weekly,31.1,4.8,42781625.39
99,Entertainment,7904751,0.0725,1935,360673,0.0201,Bi-weekly,8.3,8.3,10851568.15
100,Entertainment,95104,0.0152,2982,1122,0.0406,2-3x/week,42.7,1.2,9540975.05
101,Entertainment,38142,0.1957,3523,3266,0.0282,Weekly,8.6,5.1,39780194.46
102,Beauty & Fashion,1677117,0.1398,2458,216618,0.1095,Weekly,35.5,11.6,28144946.93
103,Education,1123591,0.2238,3481,161873,0.0924,Weekly,14.1,6.7,43927196.87
104,Gaming,1264260,0.264,2784,112777,0.0828,Monthly,42.2,3.8,47237876.63
105,Vlog & Lifestyle,3911353,0.0292,1000,320827,0.0396,Weekly,33.2,1.9,8081465.84
106,Entertainment,1558185,0.0641,2956,34136,0.0262,Weekly,34.7,8.6,16324353.44
107,Gaming,1513766,0.2558,1822,131458,0.092,Daily,12.2,7.9,51800330.29
108,Finance,2641909,0.161,4963,166960,0.0595,Daily,21.6,4.8,33239554.91
109,Entertainment,1801895,0.3308,813,171178,0.031,2-3x/week,28.9,11.4,58346986.06
110,Entertainment,3414025,0.297,499,219937,0.0759,Daily,35.3,0.8,58612824.5
111,Education,4480913,0.3821,3566,195555,0.0096,Weekly,7.4,4.0,67964482.76
112,Entertainment,11490599,0.3147,1503,267675,0.0425,Weekly,43.4,11.1,58164397.69
113,Vlog & Lifestyle,226716,0.1992,3655,12262,0.0589,2-3x/week,40.4,4.2,37195631.04
114,Tech,1732388,0.3061,2901,40763,0.022,Bi-weekly,14.4,3.4,54478917.3
115,Beauty & Fashion,374526,0.1312,1715,13020,0.1182,2-3x/week,37.6,6.6,29874358.7
116,Tech,162688,0.1448,3526,24114,0.029,2-3x/week,24.8,10.0,25241612.4
117,Tech,210834,0.3572,3350,15216,0.02,2-3x/week,22.4,1.7,60500446.34
118,Entertainment,1777858,0.2064,63,150161,0.0284,2-3x/week,16.2,11.3,35045827.66
119,Tech,1548588,0.3613,2585,204888,0.0934,2-3x/week,27.4,9.6,65503774.94
120,Gaming,1499649,0.3719,3601,224017,0.0539,Weekly,33.7,2.6,66804958.0
121,Tech,485879,0.3873,625,44496,0.07,Weekly,20.3,8.7,69537019.72
122,Tech,733913,0.4133,964,90819,0.0074,Monthly,29.4,4.9,69917793.68
123,Education,3178610,0.1996,2443,177276,0.009,Daily,32.4,5.1,33575700.77
124,Entertainment,49965,0.1503,1639,2638,0.0563,2-3x/week,32.9,9.5,29585640.8
125,Entertainment,762498,0.2662,2791,50613,0.0989,Daily,5.2,11.6,54443657.32
126,Gaming,857624,0.1733,659,89322,0.1068,Weekly,39.1,2.0,35932463.72
127,Tech,2830454,0.2745,2357,298632,0.015,Daily,22.2,5.3,48401470.76
128,Tech,64186,0.3205,4500,3474,0.0669,Bi-weekly,14.0,6.0,56501252.73
129,Entertainment,10758866,0.3129,3288,308234,0.11,Weekly,13.2,4.8,60342169.73
130,Gaming,1071462,0.1748,2650,105577,0.0496,Weekly,23.3,4.7,35711777.84
131,Gaming,1178608,0.0834,3811,32960,0.1004,Weekly,40.2,1.1,22466610.72
132,Entertainment,354164,0.1994,2571,32225,0.0204,2-3x/week,18.9,8.4,37555343.52
133,Entertainment,1921160,0.0727,3259,205716,0.1126,2-3x/week,34.5,5.5,21519894.31
134,Education,795174,0.4016,380,85946,0.0914,2-3x/week,7.1,2.7,75107457.78
135,Vlog & Lifestyle,6427958,0.1622,867,742339,0.1133,Weekly,23.0,9.9,37023962.91
136,Education,54464,0.078,4896,7200,0.0828,2-3x/week,44.7,9.7,18635188.62
137,Gaming,1000472,0.0212,4763,80032,0.0468,2-3x/week,35.4,6.1,5559372.28
138,Finance,1521674,0.2942,393,170784,0.1129,Monthly,11.8,3.9,57379702.21
139,Education,521533,0.2902,3887,50423,0.0367,Daily,24.1,7.8,52344061.29
140,Vlog & Lifestyle,352075,0.1599,2562,12720,0.0432,Bi-weekly,12.8,3.8,31292115.02
141,Vlog & Lifestyle,379525,0.0416,4344,5160,0.0856,Bi-weekly,20.2,3.2,12246970.03
142,Education,998840,0.1902,4300,49777,0.093,2-3x/week,35.8,8.9,42775556.15
143,Gaming,28059,0.1469,2735,2020,0.1119,2-3x/week,35.4,1.0,28747366.76
144,Education,4143398,0.3079,4044,399402,0.0286,2-3x/week,12.6,1.6,57057562.06
145,Education,307356,0.2765,3303,39647,0.0968,Weekly,41.7,0.6,52809596.18
146,Entertainment,918084,0.1704,4261,34404,0.0899,Weekly,27.9,2.3,34379793.1
147,Beauty & Fashion,1412376,0.1059,3998,38949,0.0123,Bi-weekly,19.0,1.3,17095607.72
148,Gaming,283098,0.4447,932,41017,0.0495,Monthly,24.1,12.0,81298084.04
149,Entertainment,576154,0.2098,2925,14476,0.0375,Weekly,28.4,3.8,39557203.83
150,Education,18705,0.3128,2960,1440,0.04,2-3x/week,26.5,2.2,57677375.42
151,Vlog & Lifestyle,2724573,0.0718,3056,250603,0.118,2-3x/week,23.4,3.3,20055611.47
152,Entertainment,5096803,0.2237,984,437267,0.0789,Bi-weekly,24.2,11.3,43183483.56
153,Entertainment,34139,0.0221,1240,752,0.0875,2-3x/week,10.4,6.5,8618313.38
154,Gaming,350919,0.2324,2445,6310,0.1173,Daily,37.1,4.7,47444446.72
155,Vlog & Lifestyle,79716,0.4342,1824,1974,0.0484,Weekly,25.8,10.5,72446486.4
156,Entertainment,529700,0.1791,2944,48723,0.0972,Weekly,8.5,5.0,38288619.43
157,Beauty & Fashion,2344412,0.0272,4943,202107,0.055,Monthly,35.2,4.4,13859853.87
158,Finance,4313050,0.0236,1373,184269,0.105,Weekly,42.2,2.9,11684205.6
159,Entertainment,5494926,0.1807,3950,545582,0.0258,Daily,42.8,4.8,33163917.25
160,Finance,7717329,0.0804,213,963195,0.114,Monthly,18.5,4.1,22340334.42
161,Education,488774,0.0203,170,7732,0.0302,2-3x/week,8.7,8.3,6840711.17
162,Beauty & Fashion,92547,0.3427,4497,7379,0.0425,2-3x/week,24.8,3.8,60459441.29
163,Beauty & Fashion,593467,0.2118,778,63206,0.092,Weekly,7.7,7.1,43609779.45
164,Gaming,2280445,0.1373,3758,103358,0.0503,Daily,42.2,1.3,26263809.49
165,Entertainment,80092,0.406,2591,4251,0.0749,Weekly,10.7,2.7,77621398.02
166,Tech,14479530,0.0611,1103,1388721,0.0561,2-3x/week,13.6,5.2,21154175.12
167,Education,3671824,0.4306,4510,498306,0.0904,Weekly,20.1,11.3,79299770.72
168,Entertainment,502916,0.1481,617,62054,0.0313,2-3x/week,19.1,4.8,27085007.74
169,Entertainment,202892,0.4009,1550,18592,0.0117,Bi-weekly,36.4,8.1,69223879.51
170,Gaming,218727,0.2753,2885,24547,0.0395,Bi-weekly,22.2,3.4,49374193.67
171,Beauty & Fashion,833651,0.3738,3201,50915,0.0595,2-3x/week,10.2,2.0,65300241.35
172,Entertainment,482663,0.443,1847,48138,0.0243,2-3x/week,14.2,1.2,74790541.32
173,Gaming,4036566,0.1369,699,303813,0.0458,2-3x/week,24.4,4.0,29702730.39
174,Entertainment,393424,0.4329,3769,14395,0.051,2-3x/week,9.2,2.3,79469345.24
175,Beauty & Fashion,1811930,0.1814,2959,196129,0.0116,Bi-weekly,28.7,2.5,34637467.03
176,Entertainment,692411,0.1796,2113,60866,0.0721,Weekly,26.8,9.2,34827963.01
177,Beauty & Fashion,1185179,0.1598,375,71356,0.1067,2-3x/week,33.0,0.7,37927315.14
178,Education,482095,0.2482,3585,66330,0.0225,2-3x/week,42.4,6.9,43844200.45
179,Vlog & Lifestyle,2607462,0.0778,4560,33716,0.0737,2-3x/week,41.3,4.9,19639453.5
180,Entertainment,2677976,0.2536,4209,145168,0.0814,Weekly,42.7,6.3,45265018.83
181,Education,1669228,0.2484,4182,29985,0.0532,2-3x/week,13.3,7.0,45113553.65
182,Entertainment,2177146,0.3452,4335,255409,0.0856,Monthly,8.5,4.1,64214326.88
183,Vlog & Lifestyle,133270,0.3768,2388,14432,0.0522,Bi-weekly,15.7,3.9,67300971.06
184,Tech,1305168,0.2038,1215,73597,0.063,2-3x/week,40.6,8.9,35633546.31
185,Education,6910573,0.143,4998,722796,0.0058,Weekly,43.8,10.5,28274705.9
186,Beauty & Fashion,1766530,0.1241,3849,115586,0.0845,Monthly,39.1,2.7,28708753.62
187,Tech,114086,0.0956,2745,13219,0.0811,Weekly,7.6,1.6,19309667.16
188,Gaming,666916,0.0354,3357,49075,0.0094,2-3x/week,42.8,10.8,4108242.88
189,Gaming,1432540,0.1607,1685,97010,0.0473,2-3x/week,20.8,4.5,28694758.5
190,Entertainment,186592,0.1289,308,26283,0.1176,Bi-weekly,3.4,6.8,29943199.09
191,Entertainment,63266,0.4352,966,2854,0.0534,Weekly,21.6,4.6,76116640.17
192,Tech,412926,0.2554,1124,11092,0.0627,Weekly,4.9,1.9,46984268.28
193,Vlog & Lifestyle,192240,0.1628,2515,17654,0.1096,Bi-weekly,25.8,7.3,31687510.41
194,Beauty & Fashion,710894,0.2654,1484,103580,0.0875,Bi-weekly,17.2,6.5,55147933.59
195,Education,41584,0.0712,4470,2615,0.0719,Monthly,22.9,2.8,16448906.37
196,Education,2015669,0.2054,4456,37663,0.0967,Daily,28.8,5.7,43414438.64
197,Finance,232747,0.2855,3736,13383,0.1044,Weekly,39.5,9.7,55938040.26
198,Tech,4379101,0.2251,3481,353964,0.0575,Weekly,30.8,7.3,42633843.23
199,Tech,443113,0.1868,2838,14476,0.0596,Bi-weekly,21.2,1.6,35177024.36
200,Finance,696832,0.4473,2860,71170,0.0494,Weekly,37.4,6.8,77841987.11
201,Beauty & Fashion,534206,0.3973,2516,79962,0.1162,2-3x/week,41.0,8.6,73740289.1
202,Entertainment,211358,0.2843,3780,15480,0.0852,Bi-weekly,8.0,9.6,51219949.5
203,Entertainment,50000000,0.2605,2974,2983099,0.0146,Weekly,25.3,7.7,51346235.95
204,Tech,298773,0.2831,4604,19748,0.1042,Daily,14.9,2.3,59165740.84
205,Beauty & Fashion,4603552,0.0986,959,120246,0.0603,Weekly,5.0,8.7,21366689.26
206,Entertainment,101871,0.1839,4613,13615,0.0129,2-3x/week,31.1,8.3,35561002.57
207,Entertainment,1425219,0.0274,2860,97022,0.0682,2-3x/week,39.2,0.8,7032773.47
208,Beauty & Fashion,1727127,0.2192,175,110913,0.053,Daily,9.8,5.2,37965099.29
209,Entertainment,698354,0.2489,3496,71481,0.1059,Weekly,37.1,4.3,46558922.09
210,Entertainment,260978,0.1102,2519,18760,0.0285,Weekly,38.8,8.2,19559417.0
211,Gaming,454076,0.4342,929,45749,0.1,Weekly,41.4,3.0,80156759.3
212,Beauty & Fashion,352949,0.4102,123,6565,0.0691,Weekly,14.1,7.3,73770867.54
213,Beauty & Fashion,50000000,0.3277,3514,6196063,0.0113,Bi-weekly,41.0,11.0,70759805.51
214,Entertainment,700335,0.2447,1001,99216,0.1168,2-3x/week,16.5,9.7,48954814.64
215,Finance,1876276,0.3928,3849,189179,0.064,2-3x/week,26.2,11.1,71717100.12
216,Entertainment,18018781,0.0675,1268,2588203,0.0385,Bi-weekly,5.1,11.8,21857035.77
217,Education,150636,0.3578,3436,4699,0.059,2-3x/week,4.8,0.6,67919913.46
218,Finance,780576,0.0649,524,59978,0.1037,Monthly,33.3,7.7,16343689.61
219,Beauty & Fashion,449308,0.3595,4814,42348,0.0401,Bi-weekly,21.7,5.2,66647990.55
220,Tech,624652,0.1313,3206,57120,0.0272,Weekly,13.8,10.4,24306302.91
221,Beauty & Fashion,528489,0.3959,4444,34988,0.0198,Monthly,11.0,3.4,65447552.3
222,Gaming,195364,0.4254,2594,11200,0.0393,Daily,31.1,11.8,79087003.8
223,Entertainment,1036892,0.0755,77,28779,0.0947,2-3x/week,3.0,7.6,23592480.41
224,Education,107716,0.2136,1606,6984,0.0592,Weekly,36.8,9.6,41333984.73
225,Education,4325286,0.4416,4488,141750,0.0312,2-3x/week,6.3,1.5,77973176.94
226,Entertainment,2239935,0.2227,28,252689,0.0241,Monthly,11.0,2.6,39492044.08
227,Vlog & Lifestyle,300068,0.39,2740,11773,0.0433,Daily,19.2,9.2,68142080.98
228,Education,327430,0.269,3531,5958,0.1131,Weekly,23.4,0.8,55234672.77
229,Tech,1197706,0.1751,582,104597,0.0444,Weekly,17.9,9.9,32715205.45
230,Beauty & Fashion,173272,0.1357,2268,16171,0.1186,Weekly,16.5,0.7,33826600.53
231,Finance,19030703,0.0994,2912,2513343,0.0608,2-3x/week,43.5,8.1,26925606.69
232,Gaming,1389238,0.3452,660,126111,0.0256,2-3x/week,29.9,4.7,59887405.51
233,Gaming,1480475,0.1801,2597,86411,0.1075,Bi-weekly,4.0,7.5,35803742.0
234,Gaming,2487033,0.235,3272,304466,0.0579,2-3x/week,21.1,8.5,42571788.66
235,Entertainment,257034,0.2266,1348,22012,0.0866,Bi-weekly,39.8,4.4,44919113.86
236,Finance,5179494,0.264,3644,109283,0.1181,Weekly,15.7,1.7,49353946.97
237,Education,896416,0.3909,2837,79977,0.0108,Bi-weekly,7.0,1.3,65811213.11
238,Entertainment,4033971,0.4415,2227,553148,0.0161,Weekly,34.9,7.3,80838708.78
239,Beauty & Fashion,510774,0.1893,3549,33447,0.0879,2-3x/week,28.5,6.5,35300378.38
240,Entertainment,7811447,0.3741,1047,402177,0.0374,Weekly,27.0,9.0,69258736.51
241,Vlog & Lifestyle,1502165,0.3464,4393,45193,0.0262,Bi-weekly,5.3,6.4,56182403.77
242,Vlog & Lifestyle,37077194,0.2624,3988,1156896,0.0095,Weekly,8.9,5.4,52627473.96
243,Vlog & Lifestyle,375067,0.4307,2971,26475,0.0075,Monthly,29.1,5.1,71259153.26
244,Education,1054090,0.0982,3236,98446,0.0941,Weekly,11.7,0.8,20419630.72
245,Entertainment,113909,0.0581,1108,2424,0.0205,2-3x/week,24.2,4.4,12665072.87
246,Vlog & Lifestyle,281324,0.3857,2334,39818,0.0588,2-3x/week,25.9,11.7,70028043.92
247,Gaming,2221372,0.2032,949,257054,0.0747,Monthly,14.9,10.5,41710588.6
248,Vlog & Lifestyle,5569322,0.3827,3726,513086,0.0543,2-3x/week,42.8,4.3,66987266.41
249,Vlog & Lifestyle,50000000,0.403,3424,6299070,0.0081,Bi-weekly,38.4,7.3,84798484.23
250,Tech,612967,0.0375,1458,13010,0.0951,Bi-weekly,33.3,10.2,10477607.19
251,Education,135973,0.3987,580,10436,0.0062,2-3x/week,6.3,5.6,66032846.7
252,Education,2830563,0.2073,2914,277998,0.0926,Daily,7.5,0.7,42818726.18
253,Tech,95789,0.2346,2515,12070,0.1077,Weekly,23.7,1.4,48439778.01
254,Education,2014132,0.2857,927,241062,0.0548,2-3x/week,9.7,6.4,51832307.74
255,Entertainment,295356,0.4176,1884,14410,0.0666,Bi-weekly,44.1,11.6,78725941.85
256,Gaming,1067543,0.0184,4938,151295,0.0599,Weekly,9.7,8.5,5151119.66
257,Vlog & Lifestyle,5198511,0.2198,1688,142482,0.0498,Weekly,23.5,1.3,44346597.69
258,Beauty & Fashion,597601,0.3126,625,79193,0.1071,Bi-weekly,18.3,2.7,61046393.56
259,Gaming,3910525,0.328,4511,570669,0.1078,2-3x/week,29.9,9.4,60881911.31
260,Entertainment,3511961,0.3147,1759,122221,0.0436,Weekly,8.4,10.2,61219750.68
261,Beauty & Fashion,25443,0.0692,3835,2826,0.0757,2-3x/week,21.1,7.6,15143044.14
262,Vlog & Lifestyle,143935,0.1417,4198,2251,0.1116,2-3x/week,14.5,7.9,33351912.73
263,Entertainment,43859,0.1678,2487,2927,0.1156,Weekly,40.3,0.8,35625699.05
264,Gaming,26778952,0.364,4759,2203363,0.0635,Bi-weekly,4.7,10.0,72661721.63
265,Tech,603375,0.1327,3515,55082,0.0571,2-3x/week,41.4,9.6,28149306.14
266,Finance,17992986,0.1027,3485,2537572,0.037,Weekly,38.0,3.5,28002187.18
267,Beauty & Fashion,38587,0.4313,4539,4017,0.1153,Weekly,15.5,8.6,79560245.66
268,Finance,260150,0.0139,1145,20130,0.0214,2-3x/week,36.2,3.0,4864024.98
269,Education,3081406,0.449,4010,380105,0.0717,2-3x/week,4.3,1.0,82884660.73
270,Education,1007209,0.3078,384,144106,0.0375,Monthly,43.6,2.8,55625046.12
271,Tech,1903391,0.3745,216,24913,0.0371,Weekly,25.1,2.6,65817053.9
272,Tech,76354,0.1396,4885,11266,0.0516,Weekly,15.7,4.4,27325341.34
273,Tech,8694892,0.0163,1329,191796,0.1199,Weekly,18.2,5.3,14843272.0
274,Vlog & Lifestyle,2953876,0.3347,1151,366322,0.0113,Daily,5.8,6.3,58145365.72
275,Gaming,1502928,0.377,4637,74014,0.0715,Weekly,44.6,6.0,71518580.74
276,Gaming,212330,0.3358,2700,6052,0.0145,Weekly,4.7,3.6,56860492.37
277,Finance,1306471,0.0729,3265,93516,0.0228,Weekly,30.5,0.8,12014825.11
278,Beauty & Fashion,431627,0.3415,99,43229,0.0555,2-3x/week,21.6,7.5,69148260.93
279,Finance,37388,0.3483,4118,2367,0.0637,Daily,42.9,5.1,64432553.55
280,Finance,666129,0.2998,3030,11749,0.0348,2-3x/week,13.3,3.9,54596647.79
281,Tech,550116,0.3471,1867,51669,0.0414,Monthly,25.3,10.5,63211977.77
282,Education,4937268,0.3822,814,673129,0.015,Weekly,23.3,9.1,71128314.59
283,Education,13069,0.28,954,831,0.0399,Weekly,32.5,10.4,51089955.52
284,Entertainment,1113879,0.049,2799,44874,0.1162,Daily,5.9,6.2,17004960.55
285,Gaming,91124,0.2246,3885,6557,0.1136,Daily,11.1,2.0,42489247.39
286,Entertainment,1295752,0.0442,1620,21730,0.0435,Weekly,12.0,8.5,12375754.31
287,Gaming,1430742,0.1893,2933,178654,0.0706,Weekly,34.0,2.9,36313441.15
288,Gaming,623858,0.1891,3892,78411,0.1096,Weekly,10.9,5.6,40317753.48
289,Education,3119326,0.039,3231,287976,0.0057,2-3x/week,27.1,1.2,3846956.81
290,Gaming,77468,0.1635,4401,4604,0.0982,Weekly,12.0,10.0,35008259.13
291,Entertainment,5356904,0.0588,4745,653379,0.1141,2-3x/week,39.2,1.9,13120787.22
292,Entertainment,203914,0.3656,2397,17874,0.0155,2-3x/week,42.6,10.9,62824051.84
293,Tech,44328,0.427,4733,5568,0.0236,Weekly,24.8,10.4,70492592.37
294,Education,446719,0.0418,951,43959,0.1155,2-3x/week,17.8,5.8,15291177.7
295,Entertainment,16792,0.4303,4935,2011,0.0668,2-3x/week,12.8,9.1,77557318.59
296,Gaming,1152579,0.2399,2576,108110,0.0066,Weekly,5.1,7.6,39930354.73
297,Finance,457416,0.1418,985,31095,0.0346,Weekly,14.3,9.7,29579021.01
298,Entertainment,6720253,0.0438,964,968471,0.0567,Bi-weekly,30.5,5.5,11116009.98
299,Beauty & Fashion,2345627,0.2303,1272,201151,0.0847,Weekly,25.4,9.5,37839520.27
300,Entertainment,59540,0.3596,953,5639,0.0893,Daily,42.6,5.8,67772333.27
301,Entertainment,161280,0.3211,2212,6591,0.1195,2-3x/week,19.6,11.3,57716260.09
302,Gaming,1862063,0.0321,3337,181720,0.0381,Monthly,32.1,6.1,6167005.5
303,Gaming,3350909,0.0421,4284,301665,0.0669,Weekly,23.6,5.8,10635977.2
304,Beauty & Fashion,6586295,0.1873,2269,236298,0.0663,Weekly,24.5,9.5,33326992.47
305,Finance,6492230,0.1399,1838,119081,0.0516,Daily,14.2,9.9,26233740.86
306,Vlog & Lifestyle,620859,0.1122,1267,58739,0.0245,Weekly,22.1,6.9,17535019.28
307,Gaming,1401116,0.1336,474,163814,0.1174,Daily,22.8,2.6,30331129.82
308,Education,7555069,0.3635,3304,629157,0.1031,Weekly,32.7,5.9,66931116.6
309,Finance,422542,0.4189,1240,17640,0.0623,Monthly,42.5,11.6,75311573.66
310,Education,1444837,0.1882,2664,149270,0.0744,Monthly,16.8,9.2,39464835.64
311,Gaming,404988,0.4087,894,8591,0.0311,Weekly,4.8,9.8,73482692.18
312,Entertainment,270571,0.1515,3815,19442,0.0675,Weekly,23.8,0.9,29623314.39
313,Entertainment,795792,0.2196,3866,26158,0.0849,Monthly,25.9,5.9,40226196.55
314,Vlog & Lifestyle,211593,0.1095,3145,7580,0.0642,Weekly,10.1,7.9,22772905.94
315,Tech,576281,0.2918,934,22083,0.1189,Daily,34.9,10.0,55162705.07
316,Beauty & Fashion,113219,0.4408,4599,7261,0.0753,Weekly,44.4,1.1,80153390.76
317,Gaming,518144,0.2755,1556,8891,0.0477,2-3x/week,42.7,10.3,45959696.6
318,Entertainment,1634916,0.1674,1104,107399,0.0938,Weekly,11.3,6.8,36115818.21
319,Entertainment,252767,0.295,2421,20635,0.0246,Weekly,39.8,2.8,51982194.49
320,Education,741718,0.0641,2627,57602,0.0492,Weekly,32.6,4.1,18958918.77
321,Gaming,937354,0.401,772,59606,0.0449,2-3x/week,22.1,3.7,74281178.32
322,Finance,1647159,0.2314,2333,209980,0.0547,2-3x/week,25.7,6.6,44516349.26
323,Beauty & Fashion,573524,0.2077,4155,17404,0.0949,Weekly,38.7,1.1,40705385.87
324,Education,5150268,0.2678,2785,416129,0.0607,Bi-weekly,23.2,2.3,48718459.6
325,Vlog & Lifestyle,16619,0.2849,4669,310,0.0963,Weekly,18.7,9.8,56360837.23
326,Finance,50000000,0.0416,4888,998089,0.0713,2-3x/week,23.7,2.0,14641156.83
327,Gaming,152049,0.3104,3165,13736,0.0443,Monthly,27.3,3.2,58307892.04
328,Beauty & Fashion,1507709,0.1164,3980,134551,0.0981,Monthly,10.9,5.7,26770154.37
329,Gaming,134693,0.3241,2050,17904,0.0324,2-3x/week,40.8,6.4,58247559.45
330,Entertainment,2326051,0.3719,593,204930,0.0308,Daily,31.3,9.3,67257427.78
331,Education,1199990,0.3637,4341,173243,0.063,Weekly,29.6,5.6,64127386.28
332,Finance,226096,0.2531,2113,3802,0.035,Bi-weekly,7.2,9.6,42963979.65
333,Entertainment,5033153,0.2389,1952,119391,0.006,Monthly,28.4,7.6,39231640.81
334,Entertainment,543003,0.0729,4465,8779,0.0796,Bi-weekly,8.1,1.8,19431313.64
335,Entertainment,1953217,0.3512,119,70196,0.0638,Weekly,6.3,2.3,61766641.63
336,Entertainment,139960,0.1294,201,12005,0.0562,Weekly,25.1,5.5,23492326.52
337,Tech,689969,0.2285,913,69259,0.1162,Daily,19.9,5.1,47107180.16
338,Finance,26859579,0.1351,871,440011,0.0707,2-3x/week,27.7,9.1,28481105.75
339,Gaming,4128141,0.0689,1093,587995,0.1043,Weekly,6.7,7.2,18344139.38
340,Entertainment,1268971,0.287,659,162305,0.021,Weekly,21.1,5.0,49627115.51
341,Gaming,325117,0.0339,4144,16751,0.0705,Weekly,10.3,2.5,4562584.25
342,Gaming,823647,0.3394,3621,17137,0.1048,Weekly,44.5,3.1,61877998.8
343,Entertainment,1040923,0.1497,646,35166,0.0721,2-3x/week,26.6,7.1,32520374.35
344,Gaming,1637385,0.0101,1046,45473,0.0876,Weekly,31.9,5.4,5650537.21
345,Education,105031,0.2349,4141,2863,0.0478,Daily,16.7,6.4,38572150.94
346,Beauty & Fashion,2429350,0.0306,2158,200660,0.0156,Weekly,7.0,2.5,4364461.3
347,Beauty & Fashion,102614,0.1315,3875,4557,0.0577,Bi-weekly,44.0,8.1,26611593.14
348,Entertainment,13742812,0.3211,3167,826486,0.0504,Weekly,15.0,10.3,60914752.63
349,Education,181873,0.0376,3597,27013,0.1047,Monthly,20.8,3.5,11795159.57
350,Beauty & Fashion,1244110,0.3793,3304,131631,0.0331,2-3x/week,30.3,6.2,65522779.8
351,Gaming,4453748,0.0117,4271,636250,0.1162,Weekly,4.0,11.7,7030543.94
352,Tech,463108,0.1186,2440,13873,0.1152,2-3x/week,37.0,4.3,27735834.53
353,Beauty & Fashion,1346581,0.336,1889,85507,0.0335,Weekly,25.5,7.3,61521076.67
354,Entertainment,9658286,0.1492,3976,846669,0.045,Bi-weekly,14.7,1.5,33279849.59
355,Entertainment,2014588,0.0548,3723,41794,0.108,Weekly,5.6,7.5,13159753.4
356,Beauty & Fashion,1383311,0.1685,4136,14644,0.1162,Bi-weekly,9.8,1.5,38633641.94
357,Entertainment,35150,0.129,4116,3650,0.056,2-3x/week,40.6,11.5,25133173.83
358,Gaming,135849,0.3808,2021,13565,0.0419,Bi-weekly,31.8,8.7,67605899.09
359,Vlog & Lifestyle,4801583,0.1479,3383,324156,0.0655,Daily,13.5,9.6,31967274.05
360,Gaming,2034805,0.3571,2153,159834,0.0841,Bi-weekly,5.8,8.6,65062903.17
361,Education,2672805,0.4024,2510,182183,0.0364,2-3x/week,32.0,7.3,66463078.66
362,Beauty & Fashion,2289203,0.2009,4591,30585,0.0897,2-3x/week,27.0,5.7,41224738.73
363,Gaming,7433904,0.4104,1299,423375,0.0109,Weekly,20.0,10.4,72818974.45
364,Gaming,455649,0.176,1457,15852,0.0107,Monthly,18.3,11.5,29938249.65
365,Vlog & Lifestyle,906095,0.4342,3209,21546,0.0494,Daily,12.1,6.2,78568878.13
366,Education,114506,0.0493,1953,16482,0.0456,2-3x/week,31.1,11.2,12957315.61
367,Vlog & Lifestyle,73098,0.3123,3193,6864,0.0413,Bi-weekly,43.8,7.2,52331767.78
368,Vlog & Lifestyle,37845,0.2273,3226,4239,0.0615,2-3x/week,10.4,6.7,42439002.01
369,Entertainment,148257,0.1806,3146,8028,0.0419,2-3x/week,28.1,5.7,28103360.63
370,Entertainment,11930530,0.2884,3328,775968,0.0271,Weekly,20.8,2.9,52759932.38
371,Entertainment,44582,0.3197,2792,1924,0.0406,2-3x/week,21.8,0.5,56142813.01
372,Entertainment,422369,0.0119,1000,9957,0.1171,Monthly,13.7,3.3,9868976.99
373,Entertainment,71135,0.0835,4930,2494,0.0523,Bi-weekly,37.7,6.4,14822170.68
374,Beauty & Fashion,247272,0.3237,2163,30081,0.0561,Weekly,23.4,4.9,57670410.84
375,Entertainment,989988,0.3032,235,103806,0.0713,Monthly,25.8,5.7,48852578.32
376,Education,206858,0.4351,786,17907,0.1181,Weekly,15.8,11.8,82458471.55
377,Tech,5185603,0.3449,2847,396763,0.0328,Daily,10.6,4.5,61732153.03
378,Entertainment,11538047,0.4283,697,1605413,0.0833,2-3x/week,6.6,5.7,82246899.13
379,Tech,12728,0.3191,539,256,0.0873,Weekly,33.0,2.0,56142050.75
380,Education,213333,0.1411,3452,10513,0.0748,2-3x/week,11.2,1.1,29332560.91
381,Entertainment,811350,0.0564,2163,47862,0.0152,Monthly,32.0,9.4,14416932.5
382,Beauty & Fashion,5537261,0.354,1304,661922,0.0828,Bi-weekly,19.4,7.1,66535122.77
383,Beauty & Fashion,322017,0.2934,1536,47965,0.0124,2-3x/week,20.5,9.2,52484378.66
384,Tech,703706,0.0312,4784,30747,0.0736,Weekly,22.7,2.2,7640078.42
385,Finance,90931,0.1684,2906,12039,0.0901,Weekly,18.4,7.1,33789746.13
386,Tech,46210,0.431,3113,5835,0.0293,Monthly,7.2,3.4,71899463.09
387,Education,9837305,0.2302,2450,407776,0.1018,Bi-weekly,16.0,3.1,48233193.78
388,Entertainment,27355,0.2004,4145,1802,0.0085,Weekly,30.9,0.6,35124791.75
389,Finance,48231081,0.2114,3812,3248565,0.102,Bi-weekly,31.0,2.0,48242969.83
390,Tech,2690593,0.1019,854,395385,0.0579,Weekly,15.0,4.1,19891815.78
391,Vlog & Lifestyle,2480452,0.1722,456,87621,0.03,Weekly,22.3,1.8,31582251.76
392,Gaming,2055117,0.1727,3925,250482,0.0204,2-3x/week,11.1,11.8,33444591.99
393,Education,462853,0.033,3119,26284,0.1146,2-3x/week,11.8,4.0,15625351.71
394,Finance,1477337,0.3477,1244,165937,0.0134,Weekly,4.0,2.0,60347697.97
395,Education,519169,0.1933,236,35719,0.0279,2-3x/week,40.7,2.8,31634567.47
396,Vlog & Lifestyle,1973919,0.3718,4153,179568,0.045,Daily,11.8,7.3,67168034.31
397,Tech,686501,0.3842,2969,86887,0.0763,Weekly,12.6,1.2,74343515.85
398,Gaming,131843,0.1033,1840,16161,0.0677,Daily,14.7,10.4,17865916.15
399,Finance,152202,0.2992,3789,19984,0.0194,Weekly,8.4,11.6,50146733.05
400,Finance,124033,0.2178,196,2275,0.0383,Weekly,29.8,3.3,40832130.54
401,Entertainment,4187528,0.3973,2887,447592,0.0325,Monthly,6.2,5.7,71309624.27
402,Vlog & Lifestyle,240048,0.1049,2545,7104,0.0296,Weekly,8.6,0.8,18408125.4
403,Gaming,23346,0.3082,1942,1592,0.0523,Daily,30.1,7.9,56193445.2
404,Tech,1490034,0.2774,2934,129338,0.086,Weekly,17.3,5.3,54915822.54
405,Education,11140878,0.1399,858,739570,0.03,Bi-weekly,32.7,3.6,27477816.97
406,Tech,2933039,0.0701,2042,242696,0.0472,Monthly,26.4,2.9,14908082.63
407,Education,246229,0.2967,1262,36814,0.05,Weekly,13.8,8.0,55024809.22
408,Entertainment,41929,0.335,1891,1213,0.1173,2-3x/week,30.3,5.3,63362875.2
409,Vlog & Lifestyle,572814,0.1489,279,59895,0.1148,Monthly,7.9,2.6,34768991.26
410,Entertainment,547652,0.2937,1640,35838,0.097,2-3x/week,25.5,8.4,60477258.24
411,Education,127445,0.1839,4415,3647,0.0328,Weekly,21.4,7.0,31295414.35
412,Vlog & Lifestyle,1966699,0.3238,3213,63373,0.0128,Weekly,14.3,10.4,53464763.4
413,Vlog & Lifestyle,20255313,0.0977,1584,2894448,0.0414,Daily,28.4,1.9,27207960.69
414,Gaming,1088279,0.4017,2902,144898,0.0357,2-3x/week,39.6,9.5,68166915.56
415,Beauty & Fashion,973698,0.1365,1705,133382,0.0632,2-3x/week,45.0,8.2,24313103.74
416,Gaming,134994,0.1718,3268,20089,0.0944,Weekly,28.5,1.8,30138899.43
417,Education,9023532,0.0356,3272,353399,0.1037,Monthly,20.0,8.5,12242159.75
418,Education,637137,0.0591,1455,38076,0.1022,2-3x/week,12.5,5.6,15965981.45
419,Beauty & Fashion,257266,0.237,229,26676,0.0464,Bi-weekly,13.8,11.4,42064719.68
420,Finance,818017,0.1277,62,63586,0.084,Daily,23.1,2.1,29969669.18
421,Finance,1705775,0.3776,1767,116972,0.041,Weekly,18.4,7.9,70236678.01
422,Finance,937139,0.0165,1676,56316,0.012,Daily,41.4,4.9,8064268.44
423,Entertainment,6395314,0.1768,2795,595591,0.0857,Monthly,18.5,11.5,36802978.45
424,Gaming,1455920,0.1584,729,131881,0.0061,Bi-weekly,18.7,4.3,30485781.28
425,Entertainment,437531,0.0185,415,14265,0.0521,Weekly,19.1,11.6,6885344.44
426,Gaming,1501756,0.0647,2304,114198,0.0429,Bi-weekly,38.1,10.9,14296824.57
427,Gaming,1792903,0.192,81,156853,0.0847,Weekly,30.3,3.6,37015742.8
428,Tech,70722,0.2269,2063,6353,0.0931,Monthly,28.8,9.7,38966203.67
429,Education,5774461,0.1879,1239,227600,0.04,Weekly,17.0,11.9,36582850.3
430,Entertainment,424374,0.2436,1577,48343,0.0983,Monthly,37.4,3.4,50018299.74
431,Entertainment,444372,0.2719,3692,6011,0.0388,Weekly,4.6,5.5,45260100.59
432,Finance,2820646,0.0144,2963,168326,0.0563,2-3x/week,39.6,6.5,6130057.22
433,Beauty & Fashion,2799348,0.2142,4492,333765,0.0886,Weekly,24.5,3.9,44799152.67
434,Entertainment,206592,0.4339,708,18375,0.0847,2-3x/week,19.7,0.7,78259475.33
435,Entertainment,3094766,0.2384,836,144100,0.1185,Weekly,23.9,3.0,50679044.22
436,Finance,265984,0.3081,358,28538,0.0309,Weekly,31.0,3.7,54204438.82
437,Entertainment,19292586,0.1472,3918,1725427,0.0812,Weekly,3.5,5.6,33198297.44
438,Tech,164267,0.3506,317,19954,0.0751,Daily,39.6,2.5,67139675.99
439,Finance,1122489,0.3501,3426,126732,0.1102,2-3x/week,21.8,10.5,64351296.94
440,Entertainment,178504,0.2394,2344,17031,0.023,Weekly,17.4,8.6,40643344.27
441,Entertainment,39858734,0.4394,4871,3122727,0.0915,Monthly,8.8,1.5,86800000.0
442,Vlog & Lifestyle,78583,0.0652,4830,2251,0.0704,2-3x/week,21.5,8.0,12565565.16
443,Education,1874500,0.0175,2819,87326,0.0366,Weekly,23.8,8.0,5691219.18
444,Education,194300,0.3489,3568,13343,0.0596,Weekly,20.0,11.5,61930927.43
445,Tech,385619,0.3651,4488,36210,0.0434,Weekly,31.5,0.5,66120223.63
446,Vlog & Lifestyle,1650135,0.0629,3487,135177,0.0716,2-3x/week,20.7,3.4,11247530.29
447,Vlog & Lifestyle,6611042,0.1269,4630,332838,0.1072,Weekly,43.4,11.2,26237659.7
448,Finance,13552936,0.0177,2696,147794,0.0705,2-3x/week,28.2,11.2,7963827.73
449,Education,45866,0.1391,2995,3645,0.0776,Monthly,36.9,8.8,31572218.24
450,Entertainment,1181094,0.3502,285,59040,0.0647,2-3x/week,7.6,9.3,64614524.95
451,Finance,10090333,0.2379,2557,1138645,0.0109,2-3x/week,19.7,1.6,42902534.46
452,Gaming,35116,0.1632,2774,468,0.0318,Daily,17.1,6.4,26327743.78
453,Gaming,1284513,0.1736,346,118015,0.0616,2-3x/week,26.9,3.2,32034914.58
454,Vlog & Lifestyle,726685,0.0106,1983,103048,0.0407,Bi-weekly,39.2,2.6,4295733.15
455,Entertainment,1538279,0.1419,2989,52943,0.0259,2-3x/week,6.3,9.8,20540391.65
456,Gaming,181652,0.2944,4586,13811,0.063,Daily,6.0,2.1,51208132.98
457,Entertainment,55043,0.4386,3978,1254,0.0421,Weekly,38.7,5.9,75728612.35
458,Gaming,23304,0.3827,920,2274,0.0347,Daily,11.9,11.3,66843278.52
459,Entertainment,4229063,0.0204,2006,368243,0.0584,Daily,31.1,2.6,7678067.88
460,Entertainment,5321620,0.4054,3139,356714,0.0203,Bi-weekly,25.8,11.7,70087839.94
461,Entertainment,1257748,0.3546,4214,104384,0.1117,Bi-weekly,38.0,11.9,68442599.57
462,Beauty & Fashion,278878,0.3534,3767,37793,0.1048,Monthly,8.3,6.9,66789622.16
463,Finance,39281,0.2115,337,1472,0.0864,Bi-weekly,8.5,2.5,40255018.57
464,Gaming,2010757,0.1851,1809,26459,0.0172,Weekly,26.4,4.1,34231752.1
465,Vlog & Lifestyle,100568,0.1433,324,13137,0.0942,Daily,42.7,5.4,31190457.45
466,Education,202736,0.0389,3555,18407,0.0979,Bi-weekly,20.4,4.1,8967056.38
467,Education,253770,0.1104,1144,34180,0.0933,Bi-weekly,16.7,3.7,24211748.48
468,Tech,511159,0.1185,2756,47830,0.0181,Bi-weekly,28.5,11.7,23453137.98
469,Entertainment,186041,0.223,4886,22961,0.079,Weekly,42.1,2.3,45108885.72
470,Vlog & Lifestyle,774695,0.3389,1530,54348,0.1009,2-3x/week,38.2,8.9,64703721.62
471,Entertainment,238166,0.2185,165,27384,0.0714,Bi-weekly,44.8,0.5,40974795.58
472,Vlog & Lifestyle,2577863,0.0355,1734,355296,0.0793,Weekly,3.9,7.4,12450301.57
473,Entertainment,4666469,0.4314,3353,420435,0.0577,Monthly,7.7,11.0,80023701.66
474,Tech,886801,0.4248,896,31312,0.0658,2-3x/week,28.6,3.8,76762486.13
475,Gaming,1677352,0.3555,3083,79895,0.009,2-3x/week,37.5,2.6,62068504.16
476,Vlog & Lifestyle,33004045,0.4462,2815,1247890,0.0785,2-3x/week,15.0,8.0,84184855.19
477,Entertainment,88372,0.2496,731,3937,0.0144,Bi-weekly,13.0,8.7,40469306.42
478,Gaming,79202,0.4336,922,4189,0.055,2-3x/week,36.1,8.4,76900588.25
479,Vlog & Lifestyle,2548450,0.0433,3367,223546,0.0387,Daily,5.4,4.2,8663816.8
480,Gaming,24246361,0.1709,880,2238395,0.0677,Monthly,18.5,3.4,37481598.32
481,Beauty & Fashion,456389,0.1092,4118,31814,0.0203,Daily,24.2,11.5,23189178.87
482,Beauty & Fashion,16326513,0.0962,507,1569939,0.0845,Bi-weekly,26.5,11.1,27575971.43
483,Gaming,867682,0.072,1766,18586,0.0964,2-3x/week,33.6,5.8,14018635.18
484,Beauty & Fashion,214143,0.2839,1127,4773,0.0238,Bi-weekly,17.9,10.2,47451439.81
485,Gaming,122608,0.3538,3419,4175,0.017,Weekly,28.7,5.7,60657754.56
486,Vlog & Lifestyle,2264680,0.2645,2838,186905,0.0217,Monthly,27.6,5.4,45512478.16
487,Entertainment,140515,0.0747,1657,5614,0.1059,Monthly,26.0,2.3,19552661.38
488,Education,844329,0.3669,2993,41929,0.0657,Daily,29.9,5.4,63778278.23
489,Vlog & Lifestyle,12612980,0.2898,152,833009,0.0587,Daily,13.9,6.7,57421719.0
490,Tech,419909,0.1808,2771,51926,0.0173,2-3x/week,6.6,0.8,31937511.86
491,Gaming,7765621,0.3066,3445,92726,0.0797,Weekly,8.0,5.6,56676022.56
492,Beauty & Fashion,81946,0.1244,4670,8269,0.1048,Bi-weekly,12.4,9.5,27236877.21
493,Education,278999,0.1619,2441,28916,0.1002,Weekly,24.0,8.3,32522084.3
494,Entertainment,57938,0.4137,4522,7057,0.077,Weekly,38.3,7.8,70524747.52
495,Gaming,831838,0.1378,1858,116944,0.0137,2-3x/week,32.5,11.0,24668665.79
496,Education,2970202,0.2168,2706,38075,0.0179,Bi-weekly,36.1,0.7,37552767.94
497,Gaming,835125,0.4017,1727,26331,0.0107,Monthly,17.7,6.9,67217648.1
498,Entertainment,6640448,0.3214,3082,890244,0.0346,2-3x/week,20.0,9.6,61694834.68
499,Vlog & Lifestyle,189373,0.0374,1077,14050,0.0206,Weekly,19.5,6.7,9135056.3
500,Vlog & Lifestyle,1094290,0.0748,2796,97438,0.0349,Daily,11.1,4.2,20601690.84
501,Beauty & Fashion,282251,0.0135,3801,29022,0.0493,Weekly,5.6,2.1,7098319.39
502,Gaming,1398649,0.2876,1298,146955,0.1134,Weekly,27.8,10.7,54563004.7
503,Education,1806180,0.207,3881,253666,0.0752,2-3x/week,44.5,5.9,38260956.46
504,Tech,2080903,0.0691,1816,311246,0.101,Weekly,10.0,10.6,17228073.61
505,Beauty & Fashion,106184,0.4315,1514,11767,0.0867,2-3x/week,5.0,7.2,77244249.41
506,Entertainment,147039,0.2431,3318,7382,0.0179,Weekly,35.7,8.3,42863228.09
507,Vlog & Lifestyle,205311,0.1164,2961,27340,0.0896,Weekly,13.6,9.7,21573979.75
508,Tech,474498,0.2303,81,8014,0.0366,Daily,37.8,8.1,42980763.52
509,Vlog & Lifestyle,853358,0.309,1700,36140,0.0785,Bi-weekly,32.6,5.1,57636968.23
510,Finance,2609216,0.0435,1354,353898,0.0442,Weekly,42.7,6.4,12068869.71
511,Beauty & Fashion,158486,0.1309,3313,7269,0.1197,2-3x/week,20.2,9.7,26621967.03
512,Gaming,40870,0.3651,3123,1671,0.0353,Daily,30.8,4.8,65016321.05
513,Vlog & Lifestyle,35333345,0.2123,892,1036593,0.0371,Bi-weekly,22.5,5.0,44955040.97
514,Tech,95166,0.2505,4244,12397,0.112,Monthly,29.5,1.6,47292309.67
515,Entertainment,3286660,0.2004,2672,262959,0.0078,2-3x/week,21.9,11.0,33402932.21
516,Entertainment,771645,0.0293,1514,80625,0.0851,2-3x/week,10.9,1.5,11695281.1
517,Education,1146644,0.0829,2473,49843,0.0884,2-3x/week,24.3,8.0,17159298.76
518,Tech,727383,0.206,2563,84467,0.1012,Weekly,25.2,5.3,40682766.43
519,Vlog & Lifestyle,364865,0.102,742,42470,0.1171,2-3x/week,37.0,5.2,27592574.57
520,Entertainment,1681421,0.032,1758,90399,0.1172,2-3x/week,33.9,8.3,10424764.85
521,Gaming,331221,0.3812,3934,22355,0.0125,Weekly,30.9,1.3,69486094.99
522,Education,5952637,0.4417,433,234275,0.0995,Weekly,7.8,7.3,81179917.38
523,Vlog & Lifestyle,2029284,0.359,3488,297733,0.0793,2-3x/week,33.3,9.4,64105394.22
524,Tech,2146328,0.3857,1601,215457,0.0794,Weekly,24.0,10.0,72426563.55
525,Tech,292780,0.1165,4495,41234,0.0198,Weekly,40.6,2.5,21401261.42
526,Gaming,476661,0.4327,4447,25012,0.0798,Daily,41.6,10.8,78649079.0
527,Gaming,85970,0.0966,4719,10270,0.118,Daily,5.3,8.0,21519755.36
528,Education,386377,0.4286,502,45291,0.1099,Bi-weekly,37.5,10.6,79905895.41
529,Entertainment,112889,0.4477,201,12060,0.0555,Daily,4.6,6.1,75042511.21
530,Tech,7752479,0.3232,508,1125578,0.0096,Weekly,18.4,6.7,59148696.46
531,Tech,798878,0.4417,4927,52005,0.0467,Monthly,25.8,11.1,81301802.14
532,Vlog & Lifestyle,991421,0.2606,1266,28057,0.1,2-3x/week,9.2,10.8,46338480.02
533,Vlog & Lifestyle,486375,0.1242,1978,50602,0.0857,2-3x/week,34.3,5.7,25329397.82
534,Gaming,1040947,0.2023,4332,116693,0.0578,Weekly,3.4,3.7,36197866.44
535,Finance,50000000,0.2712,2196,4525424,0.0113,Bi-weekly,10.1,5.0,55605880.57
536,Vlog & Lifestyle,424958,0.0422,826,16554,0.0541,Monthly,27.4,5.0,5672012.36
537,Tech,226218,0.2838,3230,18238,0.0589,Weekly,33.0,3.8,49247493.98
538,Entertainment,1892572,0.4417,1483,101643,0.1118,Daily,41.5,3.6,81652758.34
539,Gaming,7736,0.0936,1096,540,0.0787,Weekly,32.6,10.4,23114614.94
540,Entertainment,818412,0.3587,4209,82111,0.0408,Weekly,31.2,1.3,60410860.57
541,Vlog & Lifestyle,373590,0.4095,1884,42712,0.0654,Weekly,19.6,8.3,74538792.32
542,Beauty & Fashion,122251,0.4252,880,5197,0.0126,Daily,3.1,2.5,73949289.18
543,Entertainment,1819302,0.4325,4773,121430,0.1168,2-3x/week,8.0,4.5,84772075.23
544,Beauty & Fashion,803858,0.2394,2052,38330,0.0464,Bi-weekly,25.5,1.2,45002125.24
545,Beauty & Fashion,28443,0.44,282,1075,0.06,Weekly,31.4,3.6,80102129.18
546,Education,227805,0.3432,1039,27262,0.0459,2-3x/week,20.5,9.3,62972175.9
547,Entertainment,4028,0.0811,3228,553,0.0835,2-3x/week,33.7,10.7,16522883.81
548,Beauty & Fashion,1236610,0.2198,4079,76462,0.0812,Bi-weekly,24.9,3.0,41127613.26
549,Gaming,1214616,0.3261,1061,139898,0.0873,Weekly,6.1,5.8,63650535.99
550,Finance,174921,0.1188,4043,23715,0.0358,2-3x/week,11.1,5.9,17740846.64
551,Gaming,1928403,0.2919,1583,247717,0.0413,2-3x/week,38.3,10.5,51347601.64
552,Tech,72511,0.3033,3200,2580,0.0194,2-3x/week,33.4,9.3,49947645.8
553,Gaming,128061,0.0816,4398,18425,0.0804,Monthly,40.6,6.4,19118177.46
554,Gaming,1545631,0.2586,3807,96964,0.0096,Weekly,7.9,8.2,44083497.02
555,Tech,211166,0.3495,3299,12140,0.0737,Weekly,44.6,10.2,65432005.32
556,Gaming,651620,0.2295,3757,12211,0.105,Weekly,11.8,0.6,45034208.87
557,Entertainment,264456,0.0153,2115,20644,0.1074,2-3x/week,3.5,5.1,5269483.95
558,Entertainment,348127,0.014,317,8794,0.0566,Bi-weekly,44.9,10.9,2232611.3
559,Finance,376621,0.1671,3369,16870,0.0578,Weekly,14.8,9.0,31908443.76
560,Beauty & Fashion,204400,0.4175,3186,11113,0.0139,2-3x/week,31.1,6.7,70463777.36
561,Finance,1257214,0.1106,1261,154933,0.0821,2-3x/week,10.4,6.6,22775702.2
562,Entertainment,235561,0.2891,2757,31227,0.0994,Weekly,27.4,4.5,57324675.94
563,Entertainment,750305,0.1077,1527,39274,0.0331,Monthly,41.0,6.5,22150720.18
564,Entertainment,196473,0.1515,1388,25584,0.0534,2-3x/week,16.4,8.0,33116457.32
565,Education,46085,0.3831,4901,5991,0.1015,Bi-weekly,31.2,5.3,70594436.47
566,Gaming,3769238,0.3307,1971,441193,0.1059,Bi-weekly,10.9,8.7,62263287.69
567,Education,1792547,0.052,4315,54739,0.033,2-3x/week,29.2,10.4,11913398.66
568,Gaming,44885606,0.1986,2873,4786834,0.0683,Daily,17.1,2.3,49027523.33
569,Vlog & Lifestyle,111396,0.0228,2666,15852,0.0271,2-3x/week,11.9,5.7,4279766.75
570,Education,500754,0.2216,2504,52857,0.0167,Weekly,16.2,5.2,38524992.65
571,Gaming,578785,0.3015,4577,32658,0.1098,2-3x/week,10.5,8.4,61681856.43
572,Finance,4329077,0.0621,4015,346677,0.0994,2-3x/week,40.9,3.4,18829712.59
573,Education,292788,0.1371,3573,29396,0.0924,Weekly,19.7,7.9,30634149.62
574,Beauty & Fashion,88621,0.185,932,7220,0.0106,Weekly,13.3,10.6,35927066.53
575,Tech,6414404,0.4146,4242,171863,0.102,2-3x/week,21.8,5.3,79385044.76
576,Vlog & Lifestyle,412515,0.447,4472,22147,0.0554,Weekly,16.5,11.0,77085089.86
577,Entertainment,3546806,0.0298,2969,433900,0.0444,Weekly,34.3,11.9,10761163.25
578,Vlog & Lifestyle,2876132,0.3448,193,375618,0.0678,Weekly,43.8,1.7,66097211.05
579,Gaming,691208,0.1736,3368,20198,0.0155,Bi-weekly,21.4,3.2,32127247.98
580,Education,532977,0.1827,1408,76393,0.092,2-3x/week,39.2,11.4,36234983.72
581,Gaming,360476,0.3419,2806,20199,0.072,Bi-weekly,26.8,11.5,63877303.12
582,Vlog & Lifestyle,709738,0.4141,546,72907,0.0265,Weekly,9.6,1.6,72470929.18
583,Gaming,3448950,0.4284,1283,397510,0.0266,Weekly,32.0,0.7,73571885.71
584,Education,173929,0.2639,2977,21510,0.0262,Weekly,24.6,2.4,45014816.49
585,Beauty & Fashion,887285,0.1671,3059,126353,0.0116,Weekly,30.3,12.0,31160357.01
586,Entertainment,97388,0.3565,1106,5240,0.0726,2-3x/week,40.4,2.6,63054036.18
587,Entertainment,121857,0.1204,1315,15864,0.1016,Weekly,21.5,6.3,24571282.04
588,Entertainment,689905,0.2582,925,19618,0.007,Weekly,40.8,10.3,46340421.38
589,Entertainment,21412,0.1678,3091,2327,0.0106,Weekly,34.5,0.7,29611109.56
590,Entertainment,29769814,0.2989,4257,3390093,0.0709,2-3x/week,23.5,7.5,65221217.53
591,Entertainment,85177,0.1158,1038,8933,0.0992,Monthly,28.3,3.7,22678876.18
592,Beauty & Fashion,678636,0.0943,1987,30758,0.0426,Weekly,16.7,10.4,19900902.96
593,Entertainment,5973191,0.414,3364,789811,0.0452,Daily,44.3,3.8,73875659.2
594,Education,154317,0.0548,2521,5191,0.0736,Weekly,31.0,8.4,11265390.94
595,Tech,11558,0.2326,280,202,0.0365,Bi-weekly,4.8,8.3,40706563.78
596,Gaming,327452,0.1072,1196,36165,0.0081,Bi-weekly,16.7,3.0,21993572.9
597,Beauty & Fashion,151043,0.0271,4565,11564,0.0896,Weekly,29.2,0.9,8942490.02
598,Entertainment,12118,0.0258,4210,1561,0.0769,Bi-weekly,5.4,5.2,13819192.95
599,Entertainment,1218098,0.0871,3774,77563,0.0718,2-3x/week,4.0,3.8,14504432.16
600,Entertainment,1058929,0.3914,2408,35536,0.0903,Weekly,21.9,9.8,68672937.83
601,Entertainment,5701202,0.1343,4539,724633,0.0827,Bi-weekly,17.0,9.7,32547720.92
602,Education,97005,0.4282,4245,8424,0.0287,Bi-weekly,21.4,5.8,78478389.81
603,Entertainment,41009,0.2659,4192,1496,0.0455,Weekly,14.0,7.5,46101695.52
604,Entertainment,350774,0.2021,1721,38884,0.0195,Bi-weekly,9.9,7.4,35930795.89
605,Entertainment,622179,0.2652,2240,50742,0.0199,Daily,31.9,10.0,48247575.23
606,Gaming,3830206,0.2373,138,362352,0.0828,Bi-weekly,24.6,5.4,45735218.52
607,Entertainment,9239722,0.3439,1279,688597,0.1037,2-3x/week,11.4,3.7,66950092.39
608,Education,6491878,0.1343,3682,818101,0.1157,2-3x/week,16.4,3.5,31674594.07
609,Gaming,1199935,0.1653,1611,151358,0.0773,2-3x/week,27.9,6.7,29682872.47
610,Beauty & Fashion,3075870,0.4034,4775,336236,0.0262,Weekly,6.0,5.7,70565629.05
611,Entertainment,230293,0.4264,3980,5701,0.0171,2-3x/week,9.2,5.6,73943242.52
612,Finance,987677,0.4027,4254,125869,0.0985,2-3x/week,6.1,1.5,75037228.56
613,Beauty & Fashion,85449,0.1946,4957,8881,0.0716,2-3x/week,37.1,8.8,33437712.43
614,Entertainment,816542,0.3534,637,87846,0.0761,2-3x/week,34.6,3.0,66720316.7
615,Tech,855604,0.2196,3807,52035,0.0949,Weekly,34.6,2.8,43407026.64
616,Vlog & Lifestyle,16188820,0.2289,2054,2154717,0.0859,Weekly,33.1,5.2,47101565.09
617,Entertainment,483028,0.1001,3562,53882,0.101,2-3x/week,31.1,3.1,27117198.42
618,Education,857757,0.2701,4989,22098,0.0115,Weekly,23.0,7.2,46135272.82
619,Tech,1117417,0.0919,2351,74966,0.091,Bi-weekly,30.0,4.8,20470287.29
620,Finance,321683,0.1559,3224,43135,0.1028,Bi-weekly,4.6,5.7,34093286.76
621,Entertainment,172045,0.3862,259,2857,0.0379,2-3x/week,29.1,6.7,72513398.15
622,Entertainment,7556059,0.1011,2935,1092593,0.0787,Weekly,35.7,2.8,26078089.66
623,Education,124785,0.0413,984,13112,0.0411,2-3x/week,24.0,2.3,11323470.73
624,Gaming,66819,0.0404,1335,6574,0.1152,2-3x/week,18.0,10.6,11209145.52
625,Beauty & Fashion,2481757,0.4239,993,118822,0.0088,2-3x/week,14.7,5.5,73547607.02
626,Education,5862382,0.233,898,262815,0.0717,Bi-weekly,30.0,5.2,43519042.28
627,Gaming,323664,0.1901,2947,45924,0.0241,2-3x/week,32.1,0.9,35604436.14
628,Finance,332735,0.3668,2127,17221,0.0869,Daily,39.6,6.2,69548599.57
629,Entertainment,1212965,0.3778,2682,143822,0.0252,2-3x/week,17.4,6.9,70138175.47
630,Education,203997,0.1562,4980,13267,0.0321,Bi-weekly,35.3,6.9,23657729.86
631,Finance,178602,0.3152,1336,5267,0.0619,Weekly,26.6,8.6,56011743.64
632,Tech,3552871,0.3493,480,40858,0.1102,2-3x/week,40.1,2.5,69195681.93
633,Gaming,2175645,0.298,1997,187531,0.0293,Weekly,25.2,3.4,49938017.67
634,Gaming,7725877,0.0767,100,1132683,0.0216,Weekly,24.7,9.8,19031833.02
635,Entertainment,76522,0.3954,539,4719,0.0923,Weekly,27.3,11.4,75478578.71
636,Gaming,295246,0.2472,4766,17716,0.0626,2-3x/week,34.5,2.1,45828420.92
637,Gaming,1209990,0.1343,4069,70388,0.1099,Bi-weekly,43.5,6.2,26192324.77
638,Entertainment,137844,0.1971,4844,11423,0.0219,2-3x/week,6.1,3.0,34708476.39
639,Education,2315271,0.0265,2783,165988,0.0793,Weekly,5.2,1.2,12835909.47
640,Education,6611550,0.0663,4977,880579,0.0318,Daily,42.4,4.2,18893991.72
641,Entertainment,255239,0.3468,1696,20616,0.023,2-3x/week,25.3,2.2,61147698.37
642,Education,781886,0.01,201,63400,0.0836,2-3x/week,28.8,8.7,4418693.89
643,Entertainment,10020200,0.1933,1996,294313,0.0733,Weekly,23.3,6.6,42212567.75
644,Education,18600310,0.2399,3633,2745099,0.0918,Daily,6.9,2.2,55025937.72
645,Entertainment,2792484,0.034,2195,125651,0.0406,Bi-weekly,35.3,0.6,6432386.05
646,Tech,2122642,0.4382,4450,43028,0.0565,2-3x/week,34.4,9.8,79109771.91
647,Gaming,156885,0.1095,1018,16134,0.0516,Weekly,16.1,2.5,22385974.2
648,Beauty & Fashion,1392452,0.1438,3793,129987,0.1182,Bi-weekly,15.9,7.5,30221373.92
649,Finance,1987280,0.1437,4308,135374,0.0386,Weekly,38.2,4.4,27945119.52
650,Gaming,499485,0.1114,4678,34517,0.0389,Weekly,6.0,7.2,23886226.8
651,Entertainment,250046,0.0106,4297,29982,0.0458,Weekly,40.0,4.1,3824924.92
652,Gaming,72668,0.3309,2062,2717,0.0699,2-3x/week,13.8,1.5,63336081.22
653,Gaming,31955,0.4354,3318,3989,0.034,Bi-weekly,27.9,3.1,72404349.53
654,Finance,21890,0.1087,1726,2207,0.1103,2-3x/week,42.3,2.7,29940284.58
655,Gaming,2069870,0.3017,320,142108,0.0356,Weekly,31.5,5.4,54149173.74
656,Entertainment,951560,0.3364,4548,70533,0.108,Weekly,20.4,8.1,66324799.3
657,Education,305327,0.3833,1270,14023,0.0169,2-3x/week,32.0,3.5,67053051.64
658,Education,401666,0.196,4975,46310,0.0805,2-3x/week,17.4,0.6,36348687.35
659,Beauty & Fashion,1065385,0.1433,3942,87151,0.1093,Weekly,14.6,6.5,30888722.09
660,Gaming,542414,0.1531,3278,29789,0.0244,Bi-weekly,44.9,7.5,23305375.35
661,Education,65316,0.3236,594,6103,0.1164,Monthly,34.5,11.6,63560433.93
662,Vlog & Lifestyle,3773073,0.3694,2809,563707,0.0571,Weekly,30.1,7.3,68282861.55
663,Beauty & Fashion,1261014,0.0899,369,89452,0.1138,Weekly,17.9,5.9,21671314.54
664,Entertainment,1177162,0.1732,2876,163504,0.0828,Monthly,5.1,7.1,36468506.45
665,Entertainment,3293998,0.4069,2021,192047,0.0397,Daily,4.3,11.2,72483850.56
666,Entertainment,168625,0.3649,4949,2978,0.0267,2-3x/week,26.3,10.0,65320412.82
667,Entertainment,6483146,0.4433,4016,250209,0.0399,Weekly,35.0,4.2,81070446.96
668,Entertainment,566891,0.3419,1635,38898,0.0157,Bi-weekly,25.6,3.2,58219631.42
669,Entertainment,3610937,0.183,2774,147141,0.0215,Bi-weekly,38.3,3.5,31074873.2
670,Education,2736001,0.2699,900,27446,0.017,Weekly,4.4,6.3,43353587.13
671,Entertainment,112437,0.3008,741,15527,0.0536,Daily,18.4,9.1,54814448.24
672,Tech,1803465,0.0445,3971,231101,0.0965,Weekly,13.0,6.3,14730381.76
673,Entertainment,1312303,0.2496,4711,149498,0.0213,2-3x/week,21.8,1.3,41266425.81
674,Gaming,770319,0.3221,2514,25801,0.02,2-3x/week,6.0,8.8,59546824.81
675,Gaming,615463,0.0836,624,16525,0.079,Bi-weekly,43.1,9.8,16983566.79
676,Vlog & Lifestyle,624928,0.3535,3816,12164,0.0277,Daily,12.4,3.8,57284458.52
677,Entertainment,3149773,0.2669,1729,350771,0.0162,Bi-weekly,41.7,8.1,50882469.14
678,Education,2064170,0.429,4779,289052,0.0242,Weekly,20.9,5.4,70974430.99
679,Vlog & Lifestyle,770551,0.0287,1597,54150,0.1112,Weekly,44.4,10.7,13595175.68
680,Tech,49737,0.1267,1621,1326,0.0995,Daily,26.3,10.2,28988066.67
681,Tech,1776220,0.2747,906,145179,0.0457,2-3x/week,42.1,6.5,50702418.64
682,Education,2683156,0.1405,287,157867,0.0804,Daily,3.2,8.5,27869986.94
683,Entertainment,45843232,0.3243,4657,2864078,0.0668,Monthly,34.4,10.7,68511917.18
684,Beauty & Fashion,5054449,0.344,1646,490212,0.0829,Bi-weekly,40.9,6.2,67235006.35
685,Vlog & Lifestyle,23896,0.0551,2168,2643,0.0835,Weekly,8.9,4.1,11941615.08
686,Gaming,840013,0.2361,2442,21407,0.0773,2-3x/week,7.0,9.2,47086100.59
687,Gaming,19009987,0.2339,3914,284819,0.0356,Monthly,20.8,3.0,45451142.74
688,Education,2240899,0.1725,4866,334356,0.0095,2-3x/week,42.2,5.0,31548292.53
689,Finance,1317931,0.4205,3272,56120,0.0574,2-3x/week,25.8,10.5,74128832.66
690,Entertainment,3687324,0.3741,1459,64661,0.1075,Weekly,25.2,8.8,72509953.77
691,Education,237927,0.3168,4510,8703,0.0705,Monthly,8.9,5.1,59382309.76
692,Gaming,1724697,0.3243,1242,26653,0.1007,Daily,3.0,3.0,59002615.66
693,Gaming,464704,0.2132,4127,30137,0.119,2-3x/week,37.0,4.6,42490150.71
694,Entertainment,704101,0.4152,687,86137,0.0238,Monthly,6.7,3.8,74448828.39
695,Entertainment,3240434,0.3156,2668,187213,0.0846,2-3x/week,29.6,2.5,59592803.02
696,Beauty & Fashion,137573,0.3308,2038,9930,0.0825,2-3x/week,41.4,9.0,63777064.35
697,Education,7410203,0.3891,3768,774974,0.1177,Weekly,11.8,3.4,74491528.64
698,Gaming,340761,0.1306,4634,27685,0.1183,Bi-weekly,30.9,5.7,26872559.22
699,Entertainment,1166120,0.3651,2047,152298,0.084,Weekly,6.3,4.9,72613619.24
700,Gaming,58634,0.0959,2659,7695,0.033,Monthly,28.4,11.8,14468002.24
701,Gaming,2664980,0.162,666,30347,0.0968,Weekly,9.9,5.0,32242512.47
702,Entertainment,9857144,0.1577,175,1172275,0.0173,Daily,33.9,1.4,31602696.12
703,Education,288844,0.4406,4954,21519,0.0948,Monthly,15.7,1.5,83059114.62
704,Entertainment,98873,0.3869,4601,14676,0.1097,Weekly,22.5,7.3,73928622.1
705,Entertainment,1203048,0.3185,599,93419,0.049,2-3x/week,28.2,7.4,62784619.92
706,Vlog & Lifestyle,10005636,0.3299,4534,1482489,0.0775,Weekly,10.2,5.3,64288956.29
707,Education,53651,0.2573,2831,6204,0.0545,2-3x/week,34.1,5.5,45133476.32
708,Tech,99572,0.4267,4268,4461,0.0553,Daily,15.7,1.1,75635661.49
709,Education,322048,0.2284,1272,27494,0.0407,Daily,30.8,6.4,40723249.31
710,Beauty & Fashion,166605,0.1774,81,24807,0.0926,Weekly,9.6,6.3,35522583.35
711,Finance,167554,0.0817,3526,21791,0.1127,Bi-weekly,31.9,2.2,18211191.01
712,Gaming,16824,0.3559,4760,397,0.1132,Weekly,8.4,1.7,69105172.01
713,Gaming,2106003,0.3332,3590,229327,0.0251,Monthly,20.9,1.9,59852392.29
714,Gaming,1342033,0.1791,278,78349,0.1056,2-3x/week,13.4,1.7,33990518.23
715,Education,34271,0.0211,1786,376,0.0898,2-3x/week,34.4,7.5,10936577.26
716,Vlog & Lifestyle,10048685,0.3792,2472,668110,0.0341,2-3x/week,14.0,2.8,66808263.95
717,Tech,15036124,0.015,1278,644532,0.0127,2-3x/week,40.0,3.4,2576025.89
718,Vlog & Lifestyle,188786,0.3196,1025,23530,0.0358,2-3x/week,40.5,2.5,56955324.0
719,Entertainment,5955272,0.4369,2732,340798,0.1099,Bi-weekly,11.3,11.5,77952357.69
720,Finance,260043,0.2026,1093,32727,0.0778,Monthly,28.8,10.3,40509558.75
721,Vlog & Lifestyle,1010554,0.1134,4111,10190,0.0879,Monthly,6.7,3.2,17988172.98
722,Entertainment,162044,0.3201,416,8603,0.0346,2-3x/week,19.4,4.3,54391243.48
723,Entertainment,39257487,0.3695,3086,1718030,0.0877,Bi-weekly,33.0,2.9,77039715.91
724,Finance,428124,0.2504,995,18280,0.0082,2-3x/week,30.7,6.2,41779405.18
725,Gaming,915850,0.4355,3613,17901,0.0482,2-3x/week,29.2,0.7,76128847.92
726,Tech,211443,0.0327,4495,7653,0.0771,Bi-weekly,14.9,8.2,12915923.12
727,Entertainment,20798014,0.2321,719,1825586,0.0218,Weekly,18.9,6.5,44000619.55
728,Finance,21767016,0.3261,2628,1105558,0.0996,2-3x/week,7.3,10.8,66450604.72
729,Entertainment,13737948,0.3896,4859,940160,0.032,Weekly,33.2,2.4,73741213.58
730,Entertainment,4079939,0.0889,1421,256062,0.08,2-3x/week,24.2,9.7,21577785.59
731,Entertainment,236896,0.362,4631,31418,0.0516,Weekly,32.8,9.6,61632799.75
732,Tech,3236911,0.2532,1495,442621,0.0735,Weekly,13.5,2.0,47232732.75
733,Beauty & Fashion,720227,0.1845,2960,56907,0.0174,Monthly,16.6,5.1,38885402.09
734,Gaming,7743276,0.068,4661,435341,0.0069,Daily,17.0,2.5,12161138.39
735,Education,5436378,0.3907,2944,135649,0.1096,2-3x/week,4.1,3.4,80366451.55
736,Tech,226686,0.0792,4124,32524,0.036,Weekly,17.3,3.5,19574889.13
737,Education,4017162,0.1463,4680,74043,0.0993,Weekly,36.7,6.9,32169291.78
738,Tech,2489673,0.1376,1013,128643,0.1199,2-3x/week,40.7,5.2,31422203.96
739,Gaming,4952,0.3934,2476,256,0.0293,Weekly,24.8,11.4,67887115.88
740,Education,3083839,0.306,2476,169167,0.0355,Bi-weekly,22.1,2.0,54641698.21
741,Gaming,335295,0.3605,1948,11064,0.0812,Monthly,4.3,11.7,64744746.31
742,Education,148023,0.1202,1949,17709,0.116,Bi-weekly,39.9,3.2,27068428.81
743,Finance,159872,0.2849,1645,4340,0.1103,Bi-weekly,3.5,9.4,51918122.37
744,Gaming,571810,0.2616,1708,56544,0.0628,Weekly,42.7,4.4,45236823.58
745,Entertainment,1730822,0.3764,4537,47317,0.0964,Bi-weekly,23.5,2.1,72997603.48
746,Tech,62452,0.4087,2101,1241,0.0206,2-3x/week,17.4,10.4,67395425.47
747,Education,1026562,0.0153,1905,140967,0.1174,2-3x/week,41.8,4.1,11685810.34
748,Gaming,2059892,0.3066,4250,75429,0.1159,2-3x/week,4.0,8.1,54961907.86
749,Vlog & Lifestyle,20816373,0.0328,3408,2601526,0.0238,Weekly,27.4,7.0,15045405.76
750,Beauty & Fashion,105025,0.2515,1083,9058,0.0394,2-3x/week,26.1,5.9,44806327.5
751,Entertainment,388752,0.1366,2412,8124,0.0165,Monthly,12.2,6.2,27345396.1
752,Vlog & Lifestyle,1168221,0.145,4905,167946,0.0362,2-3x/week,21.0,8.9,26526143.55
753,Beauty & Fashion,5753602,0.1653,3222,256464,0.0988,Daily,30.4,1.5,30099725.97
754,Education,421846,0.2834,4047,54987,0.0485,Weekly,33.5,8.2,50940471.55
755,Entertainment,6309420,0.157,1161,212207,0.0152,Daily,3.0,10.8,28779015.74
756,Finance,22309,0.3324,2455,2890,0.0444,2-3x/week,42.3,1.2,59081698.79
757,Beauty & Fashion,76417,0.188,1966,905,0.1179,2-3x/week,9.9,2.1,40186981.31
758,Gaming,1366221,0.0401,4568,111550,0.0774,Weekly,12.8,8.7,10283859.82
759,Tech,57556,0.3549,3917,6775,0.0529,Weekly,14.1,5.5,60844232.83
760,Finance,88075,0.1357,817,12407,0.0242,Bi-weekly,4.6,5.1,22337734.03
761,Entertainment,282095,0.2004,196,38728,0.1184,Weekly,8.2,2.1,39941939.74
762,Education,2924371,0.3116,4837,364807,0.0994,Weekly,44.4,6.3,58689687.34
763,Entertainment,24034,0.1563,4534,3228,0.0374,2-3x/week,16.2,2.0,34355599.11
764,Finance,991066,0.0349,1317,37552,0.0131,2-3x/week,7.8,6.0,9696418.97
765,Entertainment,4682464,0.1745,2294,233120,0.0115,Bi-weekly,7.5,9.3,32754599.28
766,Gaming,513547,0.4256,4876,25911,0.0188,Daily,33.2,3.5,74947893.68
767,Finance,375534,0.2924,767,23578,0.0718,Daily,38.9,6.0,54846846.74
768,Tech,1503322,0.3055,4241,97813,0.1118,Bi-weekly,13.8,11.9,59587018.82
769,Education,516174,0.2882,4897,44513,0.0621,Weekly,3.9,8.4,53316994.92
770,Tech,8911914,0.0976,3864,288595,0.1019,2-3x/week,12.4,10.2,23553772.41
771,Entertainment,98662,0.1941,4276,10534,0.0563,2-3x/week,5.4,5.3,31660314.94
772,Tech,664666,0.3404,2216,22239,0.0865,Monthly,7.3,9.3,62375008.02
773,Entertainment,1056250,0.0546,3568,56449,0.0892,Bi-weekly,21.1,1.0,14038905.33
774,Education,369085,0.1323,1590,29699,0.025,Weekly,12.7,1.9,22422516.95
775,Finance,4153,0.1316,971,504,0.0465,Weekly,24.7,2.8,23889130.0
776,Entertainment,545998,0.2001,3857,61984,0.0783,Weekly,13.6,5.1,39528617.84
777,Entertainment,3686981,0.4414,3585,370080,0.0131,Monthly,42.5,10.2,78951502.12
778,Finance,2959694,0.0397,885,94142,0.0466,Monthly,41.0,4.5,10443741.33
779,Finance,1381390,0.2382,2428,119609,0.0665,2-3x/week,26.8,8.0,46538619.55
780,Beauty & Fashion,101098,0.0889,4208,2248,0.1196,Bi-weekly,17.9,8.7,23762360.46
781,Beauty & Fashion,1485938,0.4371,1011,93362,0.0596,2-3x/week,19.0,7.2,77726991.23
782,Gaming,259837,0.0599,3394,17640,0.0988,2-3x/week,20.3,4.6,17122482.01
783,Education,1378172,0.1876,4076,21463,0.0547,Weekly,33.6,7.1,31313989.41
784,Education,907736,0.3347,2855,43896,0.0966,Weekly,22.0,4.4,61999021.83
785,Entertainment,125809,0.32,1491,18090,0.0735,Monthly,39.0,1.5,57814794.92
786,Vlog & Lifestyle,146324,0.196,3311,20998,0.107,Daily,42.7,11.9,43162267.69
787,Gaming,1381997,0.1625,667,81988,0.0523,Weekly,17.1,2.0,31773537.05
788,Gaming,489919,0.1849,2790,7855,0.0745,Monthly,26.5,1.3,32858764.9
789,Gaming,160731,0.1263,432,5637,0.0775,Monthly,7.0,10.6,27390680.66
790,Vlog & Lifestyle,138538,0.1003,3691,8992,0.053,2-3x/week,11.4,4.0,22273374.73
791,Entertainment,422145,0.2225,4276,60235,0.0216,2-3x/week,20.4,8.0,39228732.26
792,Gaming,12269028,0.1282,2720,365222,0.0158,Weekly,11.7,4.3,25650651.22
793,Gaming,282959,0.1365,462,33075,0.0069,2-3x/week,39.8,5.0,18130919.95
794,Beauty & Fashion,711239,0.299,2407,17934,0.1055,Monthly,9.6,3.5,51056763.71
795,Entertainment,875858,0.4362,1985,129080,0.0322,Monthly,22.1,4.4,74067575.23
796,Tech,95239,0.2756,1667,6040,0.0293,2-3x/week,28.4,5.2,49157913.32
797,Vlog & Lifestyle,30543,0.0439,2551,3620,0.0896,2-3x/week,32.1,8.8,16117837.97
798,Gaming,114926,0.0433,3085,6661,0.0418,Daily,19.1,6.4,7238259.29
799,Beauty & Fashion,1137950,0.4286,3174,111375,0.0632,Monthly,39.5,11.4,75244633.54
800,Vlog & Lifestyle,853581,0.1408,2976,31481,0.0237,2-3x/week,26.9,1.0,25732458.12
801,Finance,2582663,0.0505,2063,78623,0.1154,Weekly,21.5,6.3,14359386.36
802,Entertainment,868176,0.2736,297,122698,0.1029,Weekly,5.8,7.2,51711737.84
803,Gaming,598876,0.2844,3227,82926,0.1043,Weekly,22.5,11.1,53829785.34
804,Beauty & Fashion,245924,0.2953,3864,33014,0.0518,Daily,37.5,1.1,56534181.05
805,Gaming,3585083,0.1277,1457,349763,0.0927,2-3x/week,28.8,7.1,30587555.33
806,Finance,139452,0.0166,617,17174,0.0215,Monthly,38.0,10.3,4161821.72
807,Vlog & Lifestyle,98842,0.4346,4562,1943,0.006,Monthly,23.7,3.3,78444010.22
808,Vlog & Lifestyle,2024229,0.1204,1774,115118,0.0073,Bi-weekly,8.0,10.6,22498326.71
809,Gaming,66192,0.3075,1235,3568,0.0725,Daily,3.6,0.7,59360352.2
810,Entertainment,50000000,0.3209,1245,4949517,0.0574,2-3x/week,15.7,8.9,69183301.64
811,Vlog & Lifestyle,842381,0.2784,1039,50403,0.0646,Weekly,32.3,11.2,49945373.07
812,Tech,1364407,0.1477,2681,42011,0.0059,2-3x/week,36.2,8.1,24222318.91
813,Entertainment,170219,0.1293,3972,15916,0.0536,Monthly,15.4,5.5,25011600.15
814,Vlog & Lifestyle,413545,0.273,4552,51285,0.0876,Weekly,23.8,1.0,51947441.13
815,Tech,338350,0.3911,4940,21484,0.0559,Daily,20.7,11.1,70868944.13
816,Gaming,275046,0.4266,3187,7843,0.0892,Monthly,20.2,5.9,82564635.33
817,Gaming,2279191,0.0566,3732,85552,0.0318,Monthly,12.7,0.8,13409641.53
818,Education,324734,0.0781,4916,14043,0.0985,Daily,8.7,8.4,17840223.5
819,Entertainment,4553934,0.4257,1485,236739,0.0727,Weekly,11.3,6.0,77631972.9
820,Education,50000000,0.3341,2906,4999565,0.0292,2-3x/week,5.3,1.9,75340948.14
821,Tech,428491,0.3985,818,40334,0.0322,2-3x/week,11.3,3.0,71873135.66
822,Entertainment,959500,0.0992,988,103099,0.0772,2-3x/week,3.4,1.2,25034462.43
823,Education,1444202,0.2685,2473,87735,0.1004,Weekly,29.3,7.1,50788696.04
824,Education,19014428,0.3185,735,2383642,0.0528,Monthly,16.3,7.7,61939760.72
825,Gaming,628589,0.3092,2511,24246,0.0347,Weekly,43.9,6.3,53342278.37
826,Vlog & Lifestyle,164024,0.1896,3372,12410,0.1047,Daily,11.1,9.9,37509450.04
827,Education,74651,0.0168,1226,9117,0.082,Weekly,17.5,10.4,5146207.82
828,Education,657124,0.2665,4061,23145,0.0565,2-3x/week,18.0,7.6,49543685.33
829,Finance,325434,0.1214,2207,8259,0.0611,Bi-weekly,3.4,0.6,24986018.43
830,Gaming,27180672,0.2081,2816,3634484,0.0285,Weekly,38.2,8.5,49481612.92
831,Entertainment,17641283,0.4313,788,1023373,0.0771,2-3x/week,4.3,5.3,77075514.64
832,Gaming,113337,0.1856,982,11984,0.0463,2-3x/week,42.5,7.0,32257503.12
833,Entertainment,202933,0.3795,2820,2749,0.1195,Bi-weekly,40.5,8.0,73560981.08
834,Entertainment,832997,0.093,2133,88802,0.0602,2-3x/week,25.5,4.5,19985047.63
835,Gaming,9020475,0.3059,608,489398,0.0609,Bi-weekly,25.8,11.0,57310611.35
836,Gaming,808247,0.4399,3351,14389,0.0701,2-3x/week,30.5,2.0,82166276.0
837,Vlog & Lifestyle,227513,0.0548,234,21698,0.1104,2-3x/week,19.3,8.2,13419077.95
838,Education,656063,0.0137,850,28678,0.0971,Weekly,30.2,0.6,6304152.93
839,Gaming,235326,0.2008,1824,15096,0.0569,Monthly,4.9,11.1,35694970.29
840,Beauty & Fashion,2157496,0.0508,4819,45914,0.0877,Monthly,5.3,1.8,9275376.65
841,Entertainment,203564,0.3393,1116,6229,0.0724,2-3x/week,22.2,1.6,62475376.58
842,Beauty & Fashion,291039,0.4124,134,15051,0.0616,2-3x/week,26.1,4.3,72888769.34
843,Entertainment,5906008,0.201,3256,133276,0.0271,2-3x/week,40.3,4.8,34752926.51
844,Vlog & Lifestyle,182945,0.1238,2941,25157,0.0584,Weekly,7.4,3.0,22481148.6
845,Entertainment,54012,0.2011,4135,585,0.0333,Weekly,37.6,7.2,36251407.02
846,Gaming,865436,0.3283,2981,67279,0.1102,Monthly,11.8,5.6,60787196.65
847,Entertainment,381226,0.014,2027,10390,0.0436,Monthly,19.6,0.9,5421473.25
848,Vlog & Lifestyle,1831320,0.2694,2425,97197,0.1145,2-3x/week,16.3,4.2,53928773.01
849,Gaming,1291673,0.2798,4600,180379,0.0663,Weekly,19.8,9.8,51412231.49
850,Gaming,688690,0.2906,3106,22476,0.0776,Bi-weekly,9.3,8.4,53367835.67
851,Entertainment,653515,0.1165,1619,94901,0.0674,Bi-weekly,24.1,8.8,24426620.73
852,Finance,193969,0.3242,727,7528,0.0199,Daily,36.7,8.5,56534401.0
853,Entertainment,847481,0.0502,3571,96459,0.0482,2-3x/week,21.5,4.1,14614276.89
854,Tech,3563709,0.0977,1026,308384,0.0164,Weekly,23.6,1.6,19193457.32
855,Entertainment,126474,0.3961,3575,16925,0.0766,2-3x/week,38.6,3.6,74645274.49
856,Entertainment,722364,0.335,4711,63249,0.0564,2-3x/week,32.7,10.1,62064938.08
857,Entertainment,4728410,0.016,4480,401150,0.0945,Daily,23.6,11.8,6193265.4
858,Gaming,1811676,0.1193,1970,67691,0.0304,Weekly,13.8,6.2,21077997.77
859,Gaming,7702466,0.1043,1058,256277,0.0239,2-3x/week,40.2,0.6,19937042.34
860,Entertainment,262326,0.1292,1367,36281,0.0517,Daily,27.2,2.1,27113706.47
861,Finance,27027,0.1189,3436,1510,0.1116,2-3x/week,12.3,4.2,31095015.26
862,Gaming,1046721,0.0375,125,64992,0.0867,Bi-weekly,14.3,7.2,10435240.48
863,Gaming,1400902,0.2119,2105,163030,0.0532,Bi-weekly,36.7,1.4,39815636.28
864,Gaming,8564698,0.3324,1811,491915,0.0645,Weekly,4.9,11.3,63759553.35
865,Gaming,6191341,0.277,2156,887149,0.0147,Weekly,44.7,4.7,50310950.44
866,Gaming,1916744,0.3061,1630,217186,0.1182,Monthly,8.5,11.0,63394129.05
867,Entertainment,2892704,0.0457,4790,270873,0.0816,2-3x/week,36.4,9.5,10110160.62
868,Entertainment,516443,0.4287,2960,68854,0.0378,2-3x/week,19.6,9.2,77188133.43
869,Tech,81274,0.3789,3802,1377,0.0724,2-3x/week,23.7,7.5,70452981.57
870,Vlog & Lifestyle,901574,0.3642,2951,41462,0.0176,2-3x/week,40.0,7.7,66037948.57
871,Education,4276443,0.3721,4915,321182,0.1161,2-3x/week,20.3,7.8,71271718.81
872,Education,2377237,0.4204,987,99313,0.0251,Monthly,25.6,7.7,75664697.5
873,Beauty & Fashion,3271807,0.2495,3076,373466,0.0795,Weekly,5.1,6.9,47594627.91
874,Gaming,337742,0.0981,793,46841,0.0332,Weekly,3.1,11.8,16959840.36
875,Entertainment,452261,0.2814,250,31354,0.0875,Monthly,13.3,8.9,51037735.05
876,Entertainment,1741340,0.3369,1563,100821,0.0943,Daily,31.6,9.4,59992146.86
877,Finance,272743,0.3347,4588,39443,0.0824,2-3x/week,8.1,10.5,61027649.03
878,Beauty & Fashion,288286,0.2394,1022,20837,0.0757,Weekly,7.8,3.0,46023020.47
879,Entertainment,1247145,0.0401,196,97859,0.1076,Weekly,20.3,1.5,12782407.14
880,Entertainment,2869443,0.1733,1891,169959,0.014,Daily,30.2,6.1,31371457.66
881,Entertainment,509328,0.4151,4596,69949,0.0431,Weekly,32.9,6.4,76436473.85
882,Beauty & Fashion,89882,0.2672,440,8058,0.0336,Weekly,10.5,10.0,46451165.5
883,Entertainment,193988,0.2469,248,22639,0.1186,Weekly,6.3,5.6,54377960.08
884,Entertainment,1052427,0.1283,2355,130135,0.0498,Weekly,42.5,7.1,26834396.88
885,Finance,1029658,0.1721,85,59574,0.0893,2-3x/week,13.9,6.6,34243603.02
886,Entertainment,1126052,0.404,1366,79631,0.0837,Daily,38.8,0.9,73579327.71
887,Beauty & Fashion,1864179,0.3032,4932,240080,0.0294,Weekly,39.3,7.6,51839159.5
888,Entertainment,737085,0.3565,2340,44855,0.0325,2-3x/week,35.4,10.0,62887159.89
889,Entertainment,1175378,0.2099,4696,142398,0.0373,Monthly,10.1,2.3,33457722.88
890,Entertainment,672630,0.2873,1912,95337,0.0523,Weekly,37.5,7.3,55216709.52
891,Finance,5767332,0.1193,4023,560869,0.0319,2-3x/week,35.3,7.3,17273937.21
892,Tech,9609047,0.3204,4680,1093776,0.0073,Bi-weekly,28.1,2.4,58126120.95
893,Tech,85800,0.1981,4997,10528,0.1061,Weekly,17.2,1.9,37344006.74
894,Education,460720,0.2047,2069,59112,0.116,2-3x/week,14.0,11.8,40170302.13
895,Beauty & Fashion,773672,0.2957,150,50526,0.0443,Bi-weekly,8.1,5.0,51930517.21
896,Entertainment,451149,0.422,1799,7749,0.0439,Bi-weekly,24.4,3.1,79093253.91
897,Education,18388953,0.0382,3636,1218501,0.0058,Weekly,27.6,2.5,7755005.2
898,Tech,1091561,0.3729,26,113878,0.0832,Daily,18.1,8.2,70894651.53
899,Entertainment,171156,0.1386,4358,12502,0.0999,Weekly,23.0,7.5,32077176.19
900,Entertainment,2134186,0.2053,474,245121,0.0219,Bi-weekly,18.3,7.9,31657021.83
901,Entertainment,1187967,0.0196,4481,71251,0.0234,2-3x/week,29.9,1.5,3485715.72
902,Entertainment,1261166,0.1425,1837,124684,0.0959,2-3x/week,40.9,10.8,33548081.02
903,Entertainment,18890639,0.2312,3038,681928,0.0759,Bi-weekly,9.9,5.0,43067628.59
904,Gaming,1371496,0.0347,529,157600,0.0102,Daily,19.0,4.1,9654065.23
905,Gaming,422273,0.2261,99,36483,0.0766,Bi-weekly,8.9,5.8,43089145.01
906,Tech,21601,0.4179,4825,833,0.0405,Weekly,29.2,5.0,73637790.92
907,Tech,541599,0.0564,2861,27549,0.0474,Weekly,33.6,10.4,12586839.3
908,Education,7654052,0.3464,2853,878725,0.0935,Daily,42.1,11.2,67614866.75
909,Education,619021,0.1903,4735,48013,0.0983,Bi-weekly,14.7,4.0,36098663.08
910,Education,12937,0.2983,1894,520,0.051,2-3x/week,42.9,10.4,53327832.18
911,Gaming,297434,0.1245,4181,43252,0.1139,Weekly,5.7,9.5,28737523.86
912,Education,4355018,0.0802,935,479563,0.0517,Weekly,28.3,11.2,18308001.72
913,Beauty & Fashion,1948306,0.0806,3744,280553,0.0938,Weekly,5.4,3.3,20633143.54
914,Gaming,160847,0.041,979,11226,0.0606,Monthly,40.5,7.1,8858297.86
915,Gaming,263678,0.0917,1104,20175,0.1082,Weekly,25.3,3.7,23346361.59
916,Gaming,348266,0.3023,3205,47264,0.1094,2-3x/week,31.1,10.0,58341141.96
917,Education,221264,0.3979,1414,18477,0.0151,Monthly,37.9,0.6,65351784.72
918,Vlog & Lifestyle,18893,0.3682,3374,2059,0.1127,Weekly,9.3,7.0,68184594.11
919,Finance,2883351,0.3115,4300,130627,0.0999,2-3x/week,4.6,4.4,57319424.53
920,Entertainment,7009016,0.0586,3992,508445,0.096,2-3x/week,39.9,4.2,14821478.31
921,Tech,47419,0.1372,4333,1293,0.0281,Bi-weekly,16.2,7.9,23982741.36
922,Gaming,6844358,0.1463,4023,265815,0.0976,2-3x/week,8.4,10.3,32821604.29
923,Tech,605953,0.12,4566,6139,0.1028,Weekly,22.7,7.5,24986949.4
924,Finance,6617566,0.2366,4723,102553,0.0383,Weekly,28.1,10.3,43617967.72
925,Gaming,780984,0.2456,3102,114663,0.1145,2-3x/week,4.3,3.5,48955052.45
926,Entertainment,930968,0.167,4169,40896,0.0107,Weekly,14.5,6.5,27517631.44
927,Education,1425997,0.1657,2084,146683,0.0222,Daily,4.4,5.7,29199132.2
928,Gaming,175936,0.3746,294,22427,0.0668,Weekly,20.7,0.6,69898004.92
929,Beauty & Fashion,6264525,0.3573,4943,545592,0.0712,Weekly,40.6,6.9,66961051.41
930,Education,96907,0.1454,4936,3046,0.0792,Weekly,44.3,8.1,30641490.0
931,Entertainment,353726,0.4121,1197,39594,0.007,Weekly,29.8,7.3,73876835.12
932,Tech,1874169,0.4292,3979,176237,0.1154,Bi-weekly,9.8,9.0,81434163.44
933,Vlog & Lifestyle,291690,0.1538,2975,32778,0.0101,Bi-weekly,41.0,7.1,22582589.2
934,Gaming,2956616,0.1659,4329,348184,0.0215,Daily,24.7,1.3,31108474.01
935,Entertainment,8680234,0.2325,793,1272152,0.0066,2-3x/week,9.5,1.8,41924654.4
936,Education,4513497,0.4241,959,407563,0.0702,Weekly,41.7,7.4,81739206.15
937,Entertainment,22359,0.3956,3949,1293,0.1122,Monthly,34.8,3.7,74962192.72
938,Vlog & Lifestyle,914858,0.0551,54,92203,0.0816,Bi-weekly,33.7,1.4,12953540.86
939,Entertainment,4646518,0.1828,1820,90986,0.0996,Bi-weekly,32.8,5.4,38596655.65
940,Gaming,68176,0.2535,4576,9247,0.0065,2-3x/week,11.4,6.9,43952435.14
941,Education,2683142,0.2314,2091,71675,0.0673,Weekly,11.9,4.3,39746468.16
942,Gaming,2425211,0.0953,3508,135564,0.0578,Weekly,31.9,8.8,21952213.62
943,Beauty & Fashion,82309,0.3879,839,10223,0.0624,2-3x/week,12.2,7.9,68993928.47
944,Tech,3274313,0.3079,1919,306553,0.0133,Daily,21.4,4.3,57462876.57
945,Entertainment,1191657,0.3787,2591,77587,0.0837,Monthly,35.8,9.2,69467319.4
946,Entertainment,2351789,0.3879,701,179396,0.0629,2-3x/week,35.9,8.0,73692301.79
947,Entertainment,128109,0.3393,4029,16607,0.093,2-3x/week,22.0,7.8,64336729.44
948,Vlog & Lifestyle,955743,0.2033,941,55051,0.0608,Daily,36.3,6.9,40611891.76
949,Tech,33901,0.2786,4946,4466,0.0222,Monthly,38.2,0.6,47799274.62
950,Gaming,12105,0.0806,3416,270,0.0795,Weekly,30.5,8.5,19121296.26
951,Beauty & Fashion,939864,0.3064,157,111610,0.0248,Weekly,12.6,4.8,50162242.21
952,Beauty & Fashion,5288661,0.0889,1042,680421,0.1053,Monthly,14.5,11.3,22648142.62
953,Entertainment,1150015,0.3153,1321,40773,0.0755,2-3x/week,16.2,9.9,54971134.51
954,Vlog & Lifestyle,650695,0.111,397,45710,0.0231,Weekly,7.9,7.3,17819407.89
955,Gaming,520444,0.0617,3131,17263,0.1157,Daily,14.5,3.4,15172766.63
956,Education,133703,0.0827,1883,14563,0.0646,2-3x/week,11.8,2.8,19368765.58
957,Gaming,489260,0.0109,3598,41561,0.0134,Bi-weekly,22.1,4.4,2403375.64
958,Entertainment,1558184,0.3262,925,154174,0.0771,Bi-weekly,41.2,6.0,60655523.87
959,Entertainment,333233,0.3323,1888,12498,0.0341,2-3x/week,7.4,3.9,58412841.73
960,Finance,2816643,0.2366,3758,111664,0.0974,2-3x/week,33.3,6.4,48828717.68
961,Entertainment,1037946,0.081,287,16409,0.099,Weekly,31.9,2.4,19577469.83
962,Beauty & Fashion,1290529,0.0468,1987,71094,0.1176,Daily,7.0,11.7,15480641.61
963,Entertainment,3611352,0.0184,1869,319114,0.0627,2-3x/week,41.7,1.7,6271641.39
964,Education,282614,0.0829,3046,36771,0.0573,2-3x/week,26.9,11.2,20157540.18
965,Education,2390193,0.402,3381,247073,0.0916,2-3x/week,18.3,11.0,77405192.07
966,Education,363793,0.1163,4723,25813,0.0202,Bi-weekly,34.8,6.5,21027331.96
967,Finance,1343953,0.1659,2192,192772,0.0679,2-3x/week,13.8,8.8,31394645.76
968,Education,228116,0.0564,4685,25251,0.0678,2-3x/week,32.1,5.5,9890626.74
969,Gaming,141595,0.1078,1180,19854,0.0153,Weekly,4.7,7.7,17376802.63
970,Gaming,860575,0.2385,499,72169,0.0531,Bi-weekly,38.3,4.4,39065893.31
971,Beauty & Fashion,24505,0.2774,2535,1133,0.1031,2-3x/week,21.8,4.0,51242773.91
972,Vlog & Lifestyle,427931,0.118,1192,7444,0.1035,Daily,29.7,7.1,26924847.63
973,Finance,40478,0.0354,4489,4519,0.0164,2-3x/week,12.3,6.2,6885448.43
974,Entertainment,2965692,0.1821,4268,80021,0.0154,Weekly,31.4,7.2,37600404.34
975,Entertainment,4829237,0.113,2498,252996,0.0352,Weekly,35.4,3.8,21226838.58
976,Education,154027,0.1066,1886,13022,0.1056,Bi-weekly,22.9,4.7,23260334.21
977,Gaming,1576887,0.4323,2472,140371,0.0198,Monthly,28.9,1.5,77854334.38
978,Entertainment,3680077,0.2812,1640,346227,0.0878,Bi-weekly,22.2,1.1,49615047.26
979,Gaming,3702225,0.255,297,123194,0.0166,Weekly,40.6,3.4,41583123.61
980,Gaming,1073045,0.1929,4292,67776,0.0767,Weekly,23.9,1.4,39065267.34
981,Education,2735291,0.1987,1917,263701,0.0459,Daily,38.4,1.7,36845747.31
982,Finance,226659,0.248,1171,33041,0.0957,Monthly,36.7,9.8,47555958.72
983,Entertainment,847139,0.3164,139,94768,0.0319,2-3x/week,20.2,0.9,54034747.75
984,Entertainment,314649,0.3189,2373,43787,0.0785,2-3x/week,12.7,8.1,59667767.22
985,Finance,194693,0.0855,153,22722,0.0321,Weekly,20.1,3.6,14667378.48
986,Gaming,778336,0.23,25,72261,0.0871,2-3x/week,37.7,10.5,44654994.29
987,Beauty & Fashion,1363485,0.1913,254,50289,0.1055,Weekly,12.6,6.1,36248235.83
988,Gaming,5922775,0.393,936,612035,0.0196,Weekly,25.0,4.0,69507104.86
989,Entertainment,1175589,0.2878,3188,114353,0.1047,Weekly,36.9,6.5,60103456.95
990,Tech,2316284,0.2443,2186,218531,0.0733,Bi-weekly,17.8,4.9,45565141.79
991,Finance,2364104,0.0608,896,185747,0.0196,2-3x/week,30.0,7.0,11718751.28
992,Beauty & Fashion,50000000,0.2765,350,4200596,0.0542,Weekly,13.3,1.8,61200707.55
993,Education,28055,0.0616,2061,1594,0.0235,Weekly,7.6,12.0,12276468.13
994,Gaming,211444,0.1584,3408,17487,0.0855,Weekly,36.4,5.4,33076658.79
995,Education,10358322,0.0729,3960,390071,0.0923,Bi-weekly,7.2,4.5,19558461.15
